scheduler,arrived_workload_pct,frag_rate,run
Random,5.0,15.010463108326377,0
Random,10.0,16.005944662739978,0
Random,15.0,17.020418301629743,0
Random,20.0,18.256997476387735,0
Random,25.0,19.229667836451046,0
Random,30.0,20.580259877190688,0
Random,35.0,21.84738124354117,0
Random,40.0,23.39637284192798,0
Random,45.0,25.461364943218324,0
Random,50.0,27.916570115288998,0
Random,55.0,31.253731642981545,0
Random,60.0,35.3624507511789,0
Random,65.0,40.31238663226873,0
Random,70.0,46.249718495874774,0
Random,75.0,55.43956872111732,0
Random,80.0,67.60323848974917,0
Random,85.0,86.91760398761753,0
Random,90.0,98.10295845351334,0
Random,95.0,98.89540296781479,0
Random,100.0,99.11447837240512,0
Random,105.0,99.26313707334927,0
Random,110.0,99.41607745036411,0
Random,115.0,99.47158595529315,0
Random,120.0,99.48446010203496,0
Random,5.0,15.014452690858048,1
Random,10.0,16.04279342680198,1
Random,15.0,17.089489258007266,1
Random,20.0,18.018537417489853,1
Random,25.0,19.213192304289915,1
Random,30.0,20.363100853791817,1
Random,35.0,21.64075955524875,1
Random,40.0,23.279816951078587,1
Random,45.0,25.09769858427736,1
Random,50.0,27.582351887132944,1
Random,55.0,30.765552751540977,1
Random,60.0,35.00135952446527,1
Random,65.0,40.47657700649996,1
Random,70.0,45.88268825274763,1
Random,75.0,54.77505132587407,1
Random,80.0,67.25115074030104,1
Random,85.0,85.32478921582884,1
Random,90.0,97.71230265106499,1
Random,95.0,98.97237391855928,1
Random,100.0,99.11694074441498,1
Random,105.0,99.23525817830637,1
Random,110.0,99.33713937297318,1
Random,115.0,99.44679739448891,1
Random,120.0,99.4864299070372,1
Random,5.0,15.132591877674006,2
Random,10.0,16.15302370513409,2
Random,15.0,17.171018849545955,2
Random,20.0,18.384634509954203,2
Random,25.0,19.502010716030803,2
Random,30.0,20.81733736363372,2
Random,35.0,22.226580813776987,2
Random,40.0,23.862445180103613,2
Random,45.0,25.700112233109206,2
Random,50.0,28.611433077326797,2
Random,55.0,31.351342981724617,2
Random,60.0,35.30847414336138,2
Random,65.0,39.88578368999787,2
Random,70.0,46.36117781427781,2
Random,75.0,55.04086258947797,2
Random,80.0,65.88699770682453,2
Random,85.0,82.91156275889536,2
Random,90.0,96.66534496344516,2
Random,95.0,98.83461087099506,2
Random,100.0,99.04160058990304,2
Random,105.0,99.23921529075837,2
Random,110.0,99.36364808482486,2
Random,115.0,99.45660497098918,2
Random,120.0,99.47473368593914,2
Random,5.0,14.848422888946825,3
Random,10.0,15.92870518433243,3
Random,15.0,17.041014993595244,3
Random,20.0,17.9979368661,3
Random,25.0,19.162651425101917,3
Random,30.0,20.59836261761853,3
Random,35.0,22.01448097868406,3
Random,40.0,23.556616302477714,3
Random,45.0,25.408961807150664,3
Random,50.0,28.434686792164353,3
Random,55.0,31.547036958574857,3
Random,60.0,35.945326882427516,3
Random,65.0,41.253243127884815,3
Random,70.0,47.808852216452905,3
Random,75.0,56.56098275506641,3
Random,80.0,68.73276862870154,3
Random,85.0,86.5795995782172,3
Random,90.0,98.4041874483254,3
Random,95.0,98.8759150525646,3
Random,100.0,99.010313290847,3
Random,105.0,99.17822356449666,3
Random,110.0,99.28247443267175,3
Random,115.0,99.40684614559277,3
Random,120.0,99.45968330616174,3
Random,5.0,14.955944654965004,4
Random,10.0,15.894408566205682,4
Random,15.0,16.9188376485213,4
Random,20.0,18.0232508361488,4
Random,25.0,19.21455878257182,4
Random,30.0,20.534528683060504,4
Random,35.0,22.012926441344124,4
Random,40.0,23.739676846304008,4
Random,45.0,25.76456740283637,4
Random,50.0,28.718182894035916,4
Random,55.0,32.010428388098155,4
Random,60.0,36.33293057649342,4
Random,65.0,41.5886424955981,4
Random,70.0,47.816739901315685,4
Random,75.0,56.86779441469736,4
Random,80.0,71.13380992017436,4
Random,85.0,92.18155860463287,4
Random,90.0,98.45416208337136,4
Random,95.0,99.05776905306487,4
Random,100.0,99.20803103299303,4
Random,105.0,99.3355935814245,4
Random,110.0,99.40906853319935,4
Random,115.0,99.44147140842264,4
Random,120.0,99.45266142056606,4
Random,5.0,14.882662970468596,5
Random,10.0,16.118048628174552,5
Random,15.0,17.10922613051672,5
Random,20.0,18.17854220427097,5
Random,25.0,19.23471580894519,5
Random,30.0,20.61763053172907,5
Random,35.0,22.056278821604423,5
Random,40.0,23.719794338292896,5
Random,45.0,25.95438792593382,5
Random,50.0,28.64582687393616,5
Random,55.0,31.482655367793893,5
Random,60.0,35.61628091242709,5
Random,65.0,40.93455634023306,5
Random,70.0,47.885322630708096,5
Random,75.0,57.4193122762658,5
Random,80.0,70.35663984886271,5
Random,85.0,86.99415179966643,5
Random,90.0,97.82718813681689,5
Random,95.0,98.85896310585743,5
Random,100.0,99.0549078336131,5
Random,105.0,99.20351115049185,5
Random,110.0,99.28805883469597,5
Random,115.0,99.38893013018271,5
Random,120.0,99.47121565317306,5
Random,5.0,14.844115960985796,6
Random,10.0,15.88787226578377,6
Random,15.0,16.983151519517012,6
Random,20.0,17.99464529388586,6
Random,25.0,19.006676538691302,6
Random,30.0,20.223621573255134,6
Random,35.0,21.99117160554731,6
Random,40.0,23.81281553114292,6
Random,45.0,26.2051621086843,6
Random,50.0,29.003395625946098,6
Random,55.0,32.65949063345587,6
Random,60.0,36.69353041789393,6
Random,65.0,41.49238778080775,6
Random,70.0,48.80612835511947,6
Random,75.0,57.464244789822224,6
Random,80.0,70.97341298114802,6
Random,85.0,90.4410091505073,6
Random,90.0,98.33123946405829,6
Random,95.0,98.94083225961137,6
Random,100.0,99.11758778095916,6
Random,105.0,99.19103550366009,6
Random,110.0,99.3481107619468,6
Random,115.0,99.47856267827952,6
Random,120.0,99.4876199880963,6
Random,5.0,15.133592805576457,7
Random,10.0,16.311707141827917,7
Random,15.0,17.401855498474877,7
Random,20.0,18.383426775789154,7
Random,25.0,19.657669403644643,7
Random,30.0,20.76942945990279,7
Random,35.0,22.09601779773871,7
Random,40.0,24.00108338146133,7
Random,45.0,26.14255146916728,7
Random,50.0,28.492717530369543,7
Random,55.0,31.858312524505912,7
Random,60.0,36.19200426489684,7
Random,65.0,42.31385759310079,7
Random,70.0,49.205907985857124,7
Random,75.0,58.32398678404799,7
Random,80.0,71.42988695736872,7
Random,85.0,91.11800348283874,7
Random,90.0,98.04643794674203,7
Random,95.0,98.85159076211318,7
Random,100.0,98.99276719001946,7
Random,105.0,99.09032752339606,7
Random,110.0,99.24282115419831,7
Random,115.0,99.41274184401561,7
Random,120.0,99.46779515323371,7
Random,5.0,14.867519356334633,8
Random,10.0,15.789755184984305,8
Random,15.0,16.940739535896913,8
Random,20.0,18.108396362590998,8
Random,25.0,19.362187673249487,8
Random,30.0,20.4755631432242,8
Random,35.0,21.821036110423144,8
Random,40.0,23.49643408127803,8
Random,45.0,25.74159372322844,8
Random,50.0,28.521379391304848,8
Random,55.0,31.485677543742746,8
Random,60.0,34.6665971587189,8
Random,65.0,39.27815072965524,8
Random,70.0,45.742615205677076,8
Random,75.0,53.78687065832699,8
Random,80.0,64.69679428501762,8
Random,85.0,82.11262762868803,8
Random,90.0,96.22999609081016,8
Random,95.0,98.79166022285136,8
Random,100.0,99.03894111185204,8
Random,105.0,99.1742414467181,8
Random,110.0,99.29930138934444,8
Random,115.0,99.38629509824298,8
Random,120.0,99.46293796919662,8
Random,5.0,15.026264785313279,9
Random,10.0,16.08058633822462,9
Random,15.0,17.04407063613308,9
Random,20.0,18.13320950057196,9
Random,25.0,19.374020172319327,9
Random,30.0,20.6940796768806,9
Random,35.0,22.123168207828712,9
Random,40.0,23.85136233685074,9
Random,45.0,25.787915374740223,9
Random,50.0,28.221295348229937,9
Random,55.0,31.309775875482316,9
Random,60.0,35.39929154751667,9
Random,65.0,41.13660631452998,9
Random,70.0,47.1841061389561,9
Random,75.0,55.8890170993365,9
Random,80.0,66.9490246788358,9
Random,85.0,84.46804394689511,9
Random,90.0,97.82534209815248,9
Random,95.0,98.90506546231835,9
Random,100.0,99.1052557917991,9
Random,105.0,99.23466280066484,9
Random,110.0,99.34060887428735,9
Random,115.0,99.44345832862432,9
Random,120.0,99.45412084149018,9
BestFit,5.0,15.182569731917505,0
BestFit,10.0,15.503562150954794,0
BestFit,15.0,15.749505709991027,0
BestFit,20.0,16.270910922566017,0
BestFit,25.0,16.741189181749853,0
BestFit,30.0,17.343699224218252,0
BestFit,35.0,17.9892594725547,0
BestFit,40.0,18.813333174847568,0
BestFit,45.0,19.890179240786367,0
BestFit,50.0,21.147410711291332,0
BestFit,55.0,22.537531908428125,0
BestFit,60.0,24.286361629314552,0
BestFit,65.0,26.56122791465197,0
BestFit,70.0,29.600347940870737,0
BestFit,75.0,34.02651031296558,0
BestFit,80.0,40.422454041752545,0
BestFit,85.0,50.6016905108605,0
BestFit,90.0,71.92993626356248,0
BestFit,95.0,99.58901407610121,0
BestFit,100.0,99.61464816527761,0
BestFit,105.0,99.61730035614576,0
BestFit,110.0,99.62019934010027,0
BestFit,115.0,99.62564226471869,0
BestFit,120.0,99.63295968650795,0
BestFit,5.0,15.50971653824871,1
BestFit,10.0,15.763380133128582,1
BestFit,15.0,16.085158453280073,1
BestFit,20.0,16.64765260145365,1
BestFit,25.0,17.20020423358737,1
BestFit,30.0,17.93183014057479,1
BestFit,35.0,18.611425144536383,1
BestFit,40.0,19.34530725419677,1
BestFit,45.0,20.379620573658237,1
BestFit,50.0,21.500815477640085,1
BestFit,55.0,22.976910537895908,1
BestFit,60.0,24.70410477497496,1
BestFit,65.0,27.136987580920007,1
BestFit,70.0,30.245512553600882,1
BestFit,75.0,34.41062241507418,1
BestFit,80.0,40.840761763456,1
BestFit,85.0,51.45630894470147,1
BestFit,90.0,73.01942206403727,1
BestFit,95.0,99.58772117336578,1
BestFit,100.0,99.60513511959378,1
BestFit,105.0,99.61495282398009,1
BestFit,110.0,99.62731675403128,1
BestFit,115.0,99.63246445103037,1
BestFit,120.0,99.6598738296651,1
BestFit,5.0,15.197541771706117,2
BestFit,10.0,15.608130032951625,2
BestFit,15.0,15.899440116976557,2
BestFit,20.0,16.441047787305628,2
BestFit,25.0,16.86523585959544,2
BestFit,30.0,17.45962029883648,2
BestFit,35.0,18.117619274082443,2
BestFit,40.0,18.980438567436423,2
BestFit,45.0,20.032303846270814,2
BestFit,50.0,21.346704115409292,2
BestFit,55.0,22.90897891400185,2
BestFit,60.0,24.67773858890502,2
BestFit,65.0,27.176664858425546,2
BestFit,70.0,30.290627806590575,2
BestFit,75.0,35.02935999287713,2
BestFit,80.0,41.83852050854357,2
BestFit,85.0,52.76666340085776,2
BestFit,90.0,74.99438417775163,2
BestFit,95.0,99.62851885185799,2
BestFit,100.0,99.63566800255538,2
BestFit,105.0,99.639594330039,2
BestFit,110.0,99.64286975928277,2
BestFit,115.0,99.64589779147262,2
BestFit,120.0,99.64850571084554,2
BestFit,5.0,15.551297841877023,3
BestFit,10.0,15.815135091162585,3
BestFit,15.0,16.171946466759252,3
BestFit,20.0,16.738445795404253,3
BestFit,25.0,17.216768509734166,3
BestFit,30.0,17.81862402016056,3
BestFit,35.0,18.626867159863068,3
BestFit,40.0,19.5208067319426,3
BestFit,45.0,20.491573873855604,3
BestFit,50.0,21.642560016994118,3
BestFit,55.0,23.18806735196597,3
BestFit,60.0,25.143643631644085,3
BestFit,65.0,27.686660872921642,3
BestFit,70.0,31.15250569821521,3
BestFit,75.0,35.73367142383133,3
BestFit,80.0,42.61779361527665,3
BestFit,85.0,54.57833078741429,3
BestFit,90.0,76.92604721246376,3
BestFit,95.0,99.59772929418533,3
BestFit,100.0,99.61582044322971,3
BestFit,105.0,99.62295297862931,3
BestFit,110.0,99.63708129022079,3
BestFit,115.0,99.65658578730506,3
BestFit,120.0,99.66857478696933,3
BestFit,5.0,15.396791790170102,4
BestFit,10.0,15.725654268667858,4
BestFit,15.0,16.022450960222205,4
BestFit,20.0,16.64014843452358,4
BestFit,25.0,17.163667017700526,4
BestFit,30.0,17.737381745790305,4
BestFit,35.0,18.425557727706163,4
BestFit,40.0,19.257280960899305,4
BestFit,45.0,20.236206665114466,4
BestFit,50.0,21.395691275915905,4
BestFit,55.0,22.905532589817685,4
BestFit,60.0,24.607517004309134,4
BestFit,65.0,26.972089070304,4
BestFit,70.0,29.995961269326155,4
BestFit,75.0,34.51388064316217,4
BestFit,80.0,41.07685964879767,4
BestFit,85.0,51.91008683843534,4
BestFit,90.0,73.60803546063963,4
BestFit,95.0,99.6044686307926,4
BestFit,100.0,99.62735686688289,4
BestFit,105.0,99.6450808847981,4
BestFit,110.0,99.65327997912668,4
BestFit,115.0,99.66042167620401,4
BestFit,120.0,99.66890367433284,4
BestFit,5.0,15.196747556728196,5
BestFit,10.0,15.494164327336401,5
BestFit,15.0,15.75163808354196,5
BestFit,20.0,16.22861210431499,5
BestFit,25.0,16.77687205641311,5
BestFit,30.0,17.334953901394428,5
BestFit,35.0,18.192821284052485,5
BestFit,40.0,19.098916734628883,5
BestFit,45.0,20.144159429384636,5
BestFit,50.0,21.31503686587846,5
BestFit,55.0,22.822803462637957,5
BestFit,60.0,24.464166393177035,5
BestFit,65.0,26.795208660114422,5
BestFit,70.0,29.778842727233496,5
BestFit,75.0,34.00233099062188,5
BestFit,80.0,40.45544618908458,5
BestFit,85.0,51.442246743514296,5
BestFit,90.0,73.31950337650035,5
BestFit,95.0,99.62194967746943,5
BestFit,100.0,99.63013964192297,5
BestFit,105.0,99.63720557963433,5
BestFit,110.0,99.65454046619455,5
BestFit,115.0,99.66644696406306,5
BestFit,120.0,99.67752434482682,5
BestFit,5.0,15.28272173498616,6
BestFit,10.0,15.491003727672176,6
BestFit,15.0,15.78368262894933,6
BestFit,20.0,16.352432892689396,6
BestFit,25.0,16.81505193292538,6
BestFit,30.0,17.344319880465477,6
BestFit,35.0,18.20522106681421,6
BestFit,40.0,18.92915417280444,6
BestFit,45.0,19.912956144941376,6
BestFit,50.0,21.15680120638083,6
BestFit,55.0,22.677222184447206,6
BestFit,60.0,24.57109320133657,6
BestFit,65.0,26.93286198961795,6
BestFit,70.0,29.79515731876402,6
BestFit,75.0,34.07530469528363,6
BestFit,80.0,40.68222936716717,6
BestFit,85.0,51.28284713072344,6
BestFit,90.0,72.88061682522984,6
BestFit,95.0,99.6011594787554,6
BestFit,100.0,99.62433199624977,6
BestFit,105.0,99.63434781088033,6
BestFit,110.0,99.64670403724485,6
BestFit,115.0,99.6646054678302,6
BestFit,120.0,99.68123757717392,6
BestFit,5.0,15.051211387100189,7
BestFit,10.0,15.536330751962577,7
BestFit,15.0,15.84699099703962,7
BestFit,20.0,16.419200594632635,7
BestFit,25.0,16.90153726683294,7
BestFit,30.0,17.561317567886125,7
BestFit,35.0,18.249623058974134,7
BestFit,40.0,19.107581285917156,7
BestFit,45.0,20.05755555620199,7
BestFit,50.0,21.142453404507805,7
BestFit,55.0,22.772179803909616,7
BestFit,60.0,24.523138705106575,7
BestFit,65.0,26.933212497793946,7
BestFit,70.0,30.324144894265288,7
BestFit,75.0,34.62867942349446,7
BestFit,80.0,41.537739439126064,7
BestFit,85.0,52.49180969029992,7
BestFit,90.0,74.01828202484084,7
BestFit,95.0,99.62871261548291,7
BestFit,100.0,99.65138115006894,7
BestFit,105.0,99.6605379732712,7
BestFit,110.0,99.66573771821231,7
BestFit,115.0,99.67231221393207,7
BestFit,120.0,99.68172911259134,7
BestFit,5.0,15.175536979309513,8
BestFit,10.0,15.48691483403584,8
BestFit,15.0,15.770305222098497,8
BestFit,20.0,16.296082935316697,8
BestFit,25.0,16.762060340876587,8
BestFit,30.0,17.296687606690288,8
BestFit,35.0,18.120233197749442,8
BestFit,40.0,18.949174571001965,8
BestFit,45.0,19.806647891707772,8
BestFit,50.0,20.917660005207818,8
BestFit,55.0,22.19034689303241,8
BestFit,60.0,23.785054758180884,8
BestFit,65.0,26.09846905139925,8
BestFit,70.0,29.14200449254467,8
BestFit,75.0,33.27520717128977,8
BestFit,80.0,39.15902556471332,8
BestFit,85.0,48.95948055294245,8
BestFit,90.0,68.76962836925226,8
BestFit,95.0,99.62156714264464,8
BestFit,100.0,99.63786476608651,8
BestFit,105.0,99.65029268187183,8
BestFit,110.0,99.65321086735382,8
BestFit,115.0,99.65649603433545,8
BestFit,120.0,99.65828101253673,8
BestFit,5.0,15.323892209376371,9
BestFit,10.0,15.625352429085195,9
BestFit,15.0,15.920893152736268,9
BestFit,20.0,16.39314924770679,9
BestFit,25.0,16.88910341832588,9
BestFit,30.0,17.49066233558862,9
BestFit,35.0,18.22038597296371,9
BestFit,40.0,19.015548107635873,9
BestFit,45.0,20.12508595778106,9
BestFit,50.0,21.330503169252598,9
BestFit,55.0,22.74087709728002,9
BestFit,60.0,24.42925829913288,9
BestFit,65.0,26.894500876477128,9
BestFit,70.0,30.081561523296152,9
BestFit,75.0,34.52231311857441,9
BestFit,80.0,41.27414214258657,9
BestFit,85.0,52.09801985537271,9
BestFit,90.0,73.44469628704283,9
BestFit,95.0,99.619846250962,9
BestFit,100.0,99.63591098455656,9
BestFit,105.0,99.64111347723946,9
BestFit,110.0,99.651293465205,9
BestFit,115.0,99.66109899697734,9
BestFit,120.0,99.6704501263983,9
DotProd,5.0,15.888053196086679,0
DotProd,10.0,16.89457263557013,0
DotProd,15.0,17.266528435691246,0
DotProd,20.0,17.81060540600923,0
DotProd,25.0,18.51359870160011,0
DotProd,30.0,19.366194759309423,0
DotProd,35.0,20.39388963611666,0
DotProd,40.0,21.517019535762387,0
DotProd,45.0,23.316688713296273,0
DotProd,50.0,25.19339376555293,0
DotProd,55.0,27.28197581257421,0
DotProd,60.0,30.000458119131157,0
DotProd,65.0,33.37822616242194,0
DotProd,70.0,38.092034294576,0
DotProd,75.0,44.556663458299646,0
DotProd,80.0,55.202779192917816,0
DotProd,85.0,71.58381202103232,0
DotProd,90.0,99.54502180674505,0
DotProd,95.0,99.57021249260852,0
DotProd,100.0,99.57264392920473,0
DotProd,105.0,99.5744290755464,0
DotProd,110.0,99.57647670220211,0
DotProd,115.0,99.5799411271053,0
DotProd,120.0,99.58502056241169,0
DotProd,5.0,15.977394592944286,1
DotProd,10.0,16.742991573048894,1
DotProd,15.0,17.352241848144796,1
DotProd,20.0,17.844311594916643,1
DotProd,25.0,18.620792321919115,1
DotProd,30.0,19.576866532469754,1
DotProd,35.0,20.594157812264303,1
DotProd,40.0,21.67614468882258,1
DotProd,45.0,23.33440374158087,1
DotProd,50.0,24.88781956405637,1
DotProd,55.0,27.139397615552813,1
DotProd,60.0,29.80256089225415,1
DotProd,65.0,33.476415333319295,1
DotProd,70.0,38.241388806536456,1
DotProd,75.0,44.49864097331464,1
DotProd,80.0,54.14833360859919,1
DotProd,85.0,70.789361630491,1
DotProd,90.0,99.53266094374693,1
DotProd,95.0,99.57979848377515,1
DotProd,100.0,99.5825977726843,1
DotProd,105.0,99.58428586087844,1
DotProd,110.0,99.58601752434231,1
DotProd,115.0,99.59098424064172,1
DotProd,120.0,99.59670127762237,1
DotProd,5.0,15.934392272652612,2
DotProd,10.0,16.68942222109076,2
DotProd,15.0,17.23742109239541,2
DotProd,20.0,17.734409079429774,2
DotProd,25.0,18.491826015424937,2
DotProd,30.0,19.3854601434656,2
DotProd,35.0,20.250898341533926,2
DotProd,40.0,21.432074224334876,2
DotProd,45.0,23.047058742527714,2
DotProd,50.0,24.98435133047774,2
DotProd,55.0,27.500773372350416,2
DotProd,60.0,30.440610570128136,2
DotProd,65.0,34.19420076983631,2
DotProd,70.0,39.082974249629466,2
DotProd,75.0,46.13161217795326,2
DotProd,80.0,56.87875121754643,2
DotProd,85.0,74.29506381741618,2
DotProd,90.0,99.5767339884974,2
DotProd,95.0,99.58380039503622,2
DotProd,100.0,99.58665778447578,2
DotProd,105.0,99.5913467963317,2
DotProd,110.0,99.59422928845706,2
DotProd,115.0,99.59759380419418,2
DotProd,120.0,99.60031312089673,2
DotProd,5.0,16.02423598831156,3
DotProd,10.0,17.117517814847762,3
DotProd,15.0,17.597861194346514,3
DotProd,20.0,18.16948051248046,3
DotProd,25.0,18.935530557135348,3
DotProd,30.0,19.875594117011104,3
DotProd,35.0,20.99340167637676,3
DotProd,40.0,22.3661794003044,3
DotProd,45.0,23.742000563830796,3
DotProd,50.0,25.469283533958496,3
DotProd,55.0,27.499084443456272,3
DotProd,60.0,30.207690163421557,3
DotProd,65.0,33.70858648798996,3
DotProd,70.0,38.41839688305881,3
DotProd,75.0,45.05261984109133,3
DotProd,80.0,55.120106988034344,3
DotProd,85.0,72.34215502458541,3
DotProd,90.0,99.56186047601963,3
DotProd,95.0,99.58152370918381,3
DotProd,100.0,99.58459044456582,3
DotProd,105.0,99.58884683702587,3
DotProd,110.0,99.59493176698993,3
DotProd,115.0,99.60108543903631,3
DotProd,120.0,99.60632775302825,3
DotProd,5.0,16.051450327112967,4
DotProd,10.0,16.64046106063722,4
DotProd,15.0,17.452235379929363,4
DotProd,20.0,18.039694091591507,4
DotProd,25.0,18.748918624558904,4
DotProd,30.0,19.559006021599533,4
DotProd,35.0,20.616128799805434,4
DotProd,40.0,22.074525827493385,4
DotProd,45.0,23.61354410812946,4
DotProd,50.0,25.360008384287593,4
DotProd,55.0,27.55723445459234,4
DotProd,60.0,30.420971543451714,4
DotProd,65.0,33.78905478788095,4
DotProd,70.0,38.28773989789227,4
DotProd,75.0,45.21560101398895,4
DotProd,80.0,54.46014170406047,4
DotProd,85.0,70.31370604950158,4
DotProd,90.0,99.56786815246036,4
DotProd,95.0,99.58143706674232,4
DotProd,100.0,99.5853817190305,4
DotProd,105.0,99.59057309839521,4
DotProd,110.0,99.59356920551993,4
DotProd,115.0,99.5983144807761,4
DotProd,120.0,99.60651926657117,4
DotProd,5.0,15.81019955446274,5
DotProd,10.0,16.205740184681847,5
DotProd,15.0,17.17806979954832,5
DotProd,20.0,17.66406382947705,5
DotProd,25.0,18.38283906309014,5
DotProd,30.0,19.31186666972176,5
DotProd,35.0,20.451118912398204,5
DotProd,40.0,21.683845435541137,5
DotProd,45.0,23.193464946551664,5
DotProd,50.0,24.8601327063359,5
DotProd,55.0,27.052279236417498,5
DotProd,60.0,29.45428459746241,5
DotProd,65.0,32.93137592402503,5
DotProd,70.0,37.56594132373671,5
DotProd,75.0,45.20462749769189,5
DotProd,80.0,55.4939659480716,5
DotProd,85.0,72.61895500996825,5
DotProd,90.0,99.56488930872848,5
DotProd,95.0,99.57936870627941,5
DotProd,100.0,99.58272348686813,5
DotProd,105.0,99.58670070617069,5
DotProd,110.0,99.5927191628223,5
DotProd,115.0,99.59794693701376,5
DotProd,120.0,99.60492323538023,5
DotProd,5.0,15.918214875184516,6
DotProd,10.0,16.161760478730777,6
DotProd,15.0,17.13547527043832,6
DotProd,20.0,17.892127459962037,6
DotProd,25.0,18.831106639198854,6
DotProd,30.0,19.62410413783568,6
DotProd,35.0,20.96140073374133,6
DotProd,40.0,21.94840315683072,6
DotProd,45.0,23.307805859267376,6
DotProd,50.0,25.478282954233165,6
DotProd,55.0,27.755923149904245,6
DotProd,60.0,30.428880017111226,6
DotProd,65.0,34.114325910203256,6
DotProd,70.0,38.261824650868114,6
DotProd,75.0,44.887733488792385,6
DotProd,80.0,54.35494141321387,6
DotProd,85.0,70.05310331940305,6
DotProd,90.0,99.55124902694331,6
DotProd,95.0,99.58896808730479,6
DotProd,100.0,99.59889399629496,6
DotProd,105.0,99.60321395106362,6
DotProd,110.0,99.60622013630012,6
DotProd,115.0,99.61395670515685,6
DotProd,120.0,99.61771819221657,6
DotProd,5.0,15.815292739340583,7
DotProd,10.0,16.77176751719379,7
DotProd,15.0,17.155223366083163,7
DotProd,20.0,17.752194467213407,7
DotProd,25.0,18.468793298266846,7
DotProd,30.0,19.5206715262553,7
DotProd,35.0,20.48635722841786,7
DotProd,40.0,21.789113572274058,7
DotProd,45.0,23.541777746086463,7
DotProd,50.0,25.079838082091864,7
DotProd,55.0,27.601963990761536,7
DotProd,60.0,30.4756025860912,7
DotProd,65.0,34.063211770587245,7
DotProd,70.0,38.63382862510554,7
DotProd,75.0,45.27535761422969,7
DotProd,80.0,55.47488048145841,7
DotProd,85.0,72.73296239646587,7
DotProd,90.0,99.56305408444479,7
DotProd,95.0,99.58480096568351,7
DotProd,100.0,99.58954505415528,7
DotProd,105.0,99.59705610364303,7
DotProd,110.0,99.60216674379755,7
DotProd,115.0,99.606496323139,7
DotProd,120.0,99.60874736404979,7
DotProd,5.0,15.984521667781054,8
DotProd,10.0,17.072094325758492,8
DotProd,15.0,17.48127314072974,8
DotProd,20.0,17.959526433272973,8
DotProd,25.0,18.68158378580199,8
DotProd,30.0,19.751201827524515,8
DotProd,35.0,20.89348964259319,8
DotProd,40.0,22.091488573612214,8
DotProd,45.0,23.40433382627638,8
DotProd,50.0,25.390204342901253,8
DotProd,55.0,27.33504188129035,8
DotProd,60.0,30.161007019077918,8
DotProd,65.0,33.77563606515929,8
DotProd,70.0,38.32584417871182,8
DotProd,75.0,45.12056823367215,8
DotProd,80.0,54.593492365031224,8
DotProd,85.0,69.89510635398909,8
DotProd,90.0,99.54172789167248,8
DotProd,95.0,99.56355018648325,8
DotProd,100.0,99.57085552041211,8
DotProd,105.0,99.57350804736649,8
DotProd,110.0,99.57523644634803,8
DotProd,115.0,99.57782318454244,8
DotProd,120.0,99.57988769061234,8
DotProd,5.0,15.989192053330619,9
DotProd,10.0,16.590383291314016,9
DotProd,15.0,17.462487327639614,9
DotProd,20.0,17.9130155417303,9
DotProd,25.0,18.60838439681095,9
DotProd,30.0,19.385415430489243,9
DotProd,35.0,20.60397682962275,9
DotProd,40.0,22.062677771669822,9
DotProd,45.0,23.9301213769753,9
DotProd,50.0,25.79352345689525,9
DotProd,55.0,28.10635581914349,9
DotProd,60.0,30.84308660048169,9
DotProd,65.0,34.740039993246114,9
DotProd,70.0,39.37496426868444,9
DotProd,75.0,46.353274856816846,9
DotProd,80.0,56.81482072478919,9
DotProd,85.0,73.94010667519044,9
DotProd,90.0,99.58331777814776,9
DotProd,95.0,99.59978446903276,9
DotProd,100.0,99.60408478898422,9
DotProd,105.0,99.60852909868942,9
DotProd,110.0,99.61225717420793,9
DotProd,115.0,99.61560613468127,9
DotProd,120.0,99.61670830215677,9
Packing,5.0,14.031996024834104,0
Packing,10.0,14.360989100145074,0
Packing,15.0,14.633775747422295,0
Packing,20.0,15.274027401940248,0
Packing,25.0,15.726796222427447,0
Packing,30.0,16.1943751279283,0
Packing,35.0,16.7928225458882,0
Packing,40.0,17.495277154068813,0
Packing,45.0,18.326656473148482,0
Packing,50.0,19.396615229340917,0
Packing,55.0,20.559160235469108,0
Packing,60.0,21.982317302740114,0
Packing,65.0,23.83657067699632,0
Packing,70.0,26.382474736421646,0
Packing,75.0,30.21006710776183,0
Packing,80.0,35.37442795504024,0
Packing,85.0,43.86347004247276,0
Packing,90.0,62.10492598065086,0
Packing,95.0,99.37559926989366,0
Packing,100.0,99.40760629965989,0
Packing,105.0,99.42596227542144,0
Packing,110.0,99.4717854592337,0
Packing,115.0,99.52698863903568,0
Packing,120.0,99.59968426853341,0
Packing,5.0,13.948206097098193,1
Packing,10.0,14.225664531252907,1
Packing,15.0,14.589100813810429,1
Packing,20.0,15.228916757140787,1
Packing,25.0,15.649796595337168,1
Packing,30.0,16.151732043834045,1
Packing,35.0,16.649714869232508,1
Packing,40.0,17.332659945746094,1
Packing,45.0,18.156061079855395,1
Packing,50.0,18.96483331096626,1
Packing,55.0,20.073202563315775,1
Packing,60.0,21.53389732284727,1
Packing,65.0,23.319340472545676,1
Packing,70.0,25.727847162992347,1
Packing,75.0,29.210273880907984,1
Packing,80.0,34.384234975045516,1
Packing,85.0,42.515454428212244,1
Packing,90.0,60.26240162086716,1
Packing,95.0,99.3650463228485,1
Packing,100.0,99.40313278263854,1
Packing,105.0,99.4455296436464,1
Packing,110.0,99.51684558060839,1
Packing,115.0,99.55834112418633,1
Packing,120.0,99.61582688304146,1
Packing,5.0,13.99483205220461,2
Packing,10.0,14.270920423404263,2
Packing,15.0,14.562586105820131,2
Packing,20.0,15.20143588014397,2
Packing,25.0,15.594574318845458,2
Packing,30.0,16.07467708728273,2
Packing,35.0,16.645755654879967,2
Packing,40.0,17.320561915039843,2
Packing,45.0,18.09545749378564,2
Packing,50.0,19.097544841066057,2
Packing,55.0,20.34035609129558,2
Packing,60.0,21.892714410233907,2
Packing,65.0,23.909202741789816,2
Packing,70.0,26.470281373515025,2
Packing,75.0,30.21996725149645,2
Packing,80.0,35.743290560977755,2
Packing,85.0,44.633358084799355,2
Packing,90.0,62.77879068317862,2
Packing,95.0,99.3794697782308,2
Packing,100.0,99.39599710402311,2
Packing,105.0,99.42513331146034,2
Packing,110.0,99.45960115308549,2
Packing,115.0,99.49146227603094,2
Packing,120.0,99.53251112601372,2
Packing,5.0,13.999982090624652,3
Packing,10.0,14.245354792966639,3
Packing,15.0,14.58141863117341,3
Packing,20.0,15.096331709071734,3
Packing,25.0,15.465978083305535,3
Packing,30.0,15.935449646161837,3
Packing,35.0,16.57147976839735,3
Packing,40.0,17.300760654910246,3
Packing,45.0,18.038585352163146,3
Packing,50.0,18.919339053230512,3
Packing,55.0,20.06306066886326,3
Packing,60.0,21.59539955037326,3
Packing,65.0,23.424367080267913,3
Packing,70.0,25.942062322545134,3
Packing,75.0,29.493460198014574,3
Packing,80.0,34.93885207499326,3
Packing,85.0,44.14029895918761,3
Packing,90.0,61.703040183375805,3
Packing,95.0,99.38287663062016,3
Packing,100.0,99.39833158563235,3
Packing,105.0,99.43303080887421,3
Packing,110.0,99.4720807892228,3
Packing,115.0,99.53543558570671,3
Packing,120.0,99.57090307012207,3
Packing,5.0,14.056387088652158,4
Packing,10.0,14.250410894036206,4
Packing,15.0,14.592664217180365,4
Packing,20.0,15.24128302541497,4
Packing,25.0,15.68644107307888,4
Packing,30.0,16.115092079439506,4
Packing,35.0,16.65489439097106,4
Packing,40.0,17.3795791611304,4
Packing,45.0,18.212885171026926,4
Packing,50.0,19.01078782336253,4
Packing,55.0,20.276034302143948,4
Packing,60.0,21.57545641873588,4
Packing,65.0,23.429426841810194,4
Packing,70.0,25.824456552902053,4
Packing,75.0,29.212296405966427,4
Packing,80.0,34.30081153421382,4
Packing,85.0,42.77410190689312,4
Packing,90.0,60.007833826771304,4
Packing,95.0,99.34942183168374,4
Packing,100.0,99.37133115105617,4
Packing,105.0,99.39334259156853,4
Packing,110.0,99.42243931683227,4
Packing,115.0,99.46509939360367,4
Packing,120.0,99.51472772457079,4
Packing,5.0,13.963528092182417,5
Packing,10.0,14.187868927895083,5
Packing,15.0,14.402972589563506,5
Packing,20.0,15.106820413452304,5
Packing,25.0,15.48156576355175,5
Packing,30.0,15.907662627602488,5
Packing,35.0,16.484266273210878,5
Packing,40.0,17.173939931541625,5
Packing,45.0,17.793058915388997,5
Packing,50.0,18.694994324335713,5
Packing,55.0,19.846052605282566,5
Packing,60.0,21.124951751302945,5
Packing,65.0,22.93299596855154,5
Packing,70.0,25.143794182536826,5
Packing,75.0,28.57709792174916,5
Packing,80.0,33.519131675455235,5
Packing,85.0,41.87642508913403,5
Packing,90.0,58.89293268018545,5
Packing,95.0,99.36413328604011,5
Packing,100.0,99.39692001176012,5
Packing,105.0,99.42958492693329,5
Packing,110.0,99.49417433591206,5
Packing,115.0,99.54183693983737,5
Packing,120.0,99.58655465288093,5
Packing,5.0,14.018406751582157,6
Packing,10.0,14.21440334625924,6
Packing,15.0,14.513208870270669,6
Packing,20.0,15.265422530551554,6
Packing,25.0,15.673409366549334,6
Packing,30.0,16.083313494706562,6
Packing,35.0,16.902962006655393,6
Packing,40.0,17.583203728745726,6
Packing,45.0,18.375635358770833,6
Packing,50.0,19.349977607939454,6
Packing,55.0,20.627201587685292,6
Packing,60.0,21.958792496224586,6
Packing,65.0,23.875862987052017,6
Packing,70.0,26.25477042384387,6
Packing,75.0,29.939360614495243,6
Packing,80.0,35.21458970266888,6
Packing,85.0,43.87634261951665,6
Packing,90.0,61.52894941327336,6
Packing,95.0,99.38836807105238,6
Packing,100.0,99.41603819726879,6
Packing,105.0,99.45398521123286,6
Packing,110.0,99.49825140157272,6
Packing,115.0,99.55369222583008,6
Packing,120.0,99.59940084996154,6
Packing,5.0,13.920753649969578,7
Packing,10.0,14.226993815652028,7
Packing,15.0,14.559564681725092,7
Packing,20.0,15.296820021706045,7
Packing,25.0,15.68540513135917,7
Packing,30.0,16.156444869223638,7
Packing,35.0,16.77630392455472,7
Packing,40.0,17.418354906257335,7
Packing,45.0,18.10552196852834,7
Packing,50.0,18.94264332428635,7
Packing,55.0,20.264273016410996,7
Packing,60.0,21.69473533942954,7
Packing,65.0,23.665234784543244,7
Packing,70.0,26.17464888927867,7
Packing,75.0,29.70714356541083,7
Packing,80.0,35.38136943687757,7
Packing,85.0,44.09706584141582,7
Packing,90.0,62.10497978948154,7
Packing,95.0,99.4351020432961,7
Packing,100.0,99.45720121299566,7
Packing,105.0,99.50588521456125,7
Packing,110.0,99.56613368773606,7
Packing,115.0,99.6093530855181,7
Packing,120.0,99.69157858959122,7
Packing,5.0,14.02999465791878,8
Packing,10.0,14.243211390305813,8
Packing,15.0,14.547611728297294,8
Packing,20.0,15.14346389205162,8
Packing,25.0,15.508714365917903,8
Packing,30.0,15.989917786001273,8
Packing,35.0,16.67093154627751,8
Packing,40.0,17.397995750596053,8
Packing,45.0,18.087864002087766,8
Packing,50.0,18.964801377038235,8
Packing,55.0,19.99538553555723,8
Packing,60.0,21.386014811409357,8
Packing,65.0,23.34039821805151,8
Packing,70.0,25.92543120715409,8
Packing,75.0,29.406812273526683,8
Packing,80.0,34.25044102253097,8
Packing,85.0,42.30648884941004,8
Packing,90.0,58.93324752573673,8
Packing,95.0,99.3664278194136,8
Packing,100.0,99.39655430804616,8
Packing,105.0,99.43631843175632,8
Packing,110.0,99.47495438807643,8
Packing,115.0,99.54477158802337,8
Packing,120.0,99.58561986271383,8
Packing,5.0,14.006750815980265,9
Packing,10.0,14.199208100161748,9
Packing,15.0,14.485310354739553,9
Packing,20.0,15.09715287181711,9
Packing,25.0,15.541545301246476,9
Packing,30.0,15.984036770481817,9
Packing,35.0,16.55910466619458,9
Packing,40.0,17.34706966217633,9
Packing,45.0,18.15619302947286,9
Packing,50.0,19.13050735699628,9
Packing,55.0,20.23731364114801,9
Packing,60.0,21.641717968722805,9
Packing,65.0,23.628328643423597,9
Packing,70.0,26.16669195266675,9
Packing,75.0,29.9858973019654,9
Packing,80.0,35.367493827872885,9
Packing,85.0,43.26020340228583,9
Packing,90.0,60.020384460301365,9
Packing,95.0,99.42229365732317,9
Packing,100.0,99.47034886494346,9
Packing,105.0,99.51669651335831,9
Packing,110.0,99.57710879107047,9
Packing,115.0,99.63140745632899,9
Packing,120.0,99.67636752299576,9
Clustering,5.0,14.03192952767191,0
Clustering,10.0,14.34555769773602,0
Clustering,15.0,14.587611576829751,0
Clustering,20.0,15.221782064565875,0
Clustering,25.0,15.654703929404205,0
Clustering,30.0,16.136344143884063,0
Clustering,35.0,16.668475590777092,0
Clustering,40.0,17.405604626867984,0
Clustering,45.0,18.274289025126926,0
Clustering,50.0,19.39439701628189,0
Clustering,55.0,20.559210273928635,0
Clustering,60.0,22.080425965026784,0
Clustering,65.0,23.850420247282592,0
Clustering,70.0,26.55501479709198,0
Clustering,75.0,30.256126898394932,0
Clustering,80.0,35.35607864588109,0
Clustering,85.0,43.65540666464875,0
Clustering,90.0,61.37153423672102,0
Clustering,95.0,99.26933584510952,0
Clustering,100.0,99.27049765069033,0
Clustering,105.0,99.27112646403017,0
Clustering,110.0,99.27207455693569,0
Clustering,115.0,99.27342984014484,0
Clustering,120.0,99.27517205466937,0
Clustering,5.0,13.976849758656003,1
Clustering,10.0,14.256093390722349,1
Clustering,15.0,14.63723836578718,1
Clustering,20.0,15.314966097818738,1
Clustering,25.0,15.754670880623872,1
Clustering,30.0,16.268217728184855,1
Clustering,35.0,16.79950081662514,1
Clustering,40.0,17.444776828673596,1
Clustering,45.0,18.184949879102497,1
Clustering,50.0,19.043815941888198,1
Clustering,55.0,20.190088757949383,1
Clustering,60.0,21.558915627174866,1
Clustering,65.0,23.309825052742028,1
Clustering,70.0,25.68130267992192,1
Clustering,75.0,29.09271540274352,1
Clustering,80.0,34.471145255963464,1
Clustering,85.0,42.46254363731205,1
Clustering,90.0,59.66391375524144,1
Clustering,95.0,99.26763674972705,1
Clustering,100.0,99.26920556125111,1
Clustering,105.0,99.26887888808969,1
Clustering,110.0,99.26969935758319,1
Clustering,115.0,99.27038128175295,1
Clustering,120.0,99.27159259134925,1
Clustering,5.0,13.996757771727832,2
Clustering,10.0,14.28586125687072,2
Clustering,15.0,14.598093499281214,2
Clustering,20.0,15.340918229740197,2
Clustering,25.0,15.732971890036545,2
Clustering,30.0,16.231830269192805,2
Clustering,35.0,16.85598628838626,2
Clustering,40.0,17.541874483195073,2
Clustering,45.0,18.350519528166572,2
Clustering,50.0,19.373468891213566,2
Clustering,55.0,20.65000798259791,2
Clustering,60.0,22.197201580668946,2
Clustering,65.0,24.30059814191801,2
Clustering,70.0,26.924495603832217,2
Clustering,75.0,30.983874529319515,2
Clustering,80.0,36.625498591568316,2
Clustering,85.0,45.347282439337036,2
Clustering,90.0,63.59445586997404,2
Clustering,95.0,99.28508907514447,2
Clustering,100.0,99.28601478168191,2
Clustering,105.0,99.28829706000991,2
Clustering,110.0,99.2899302649324,2
Clustering,115.0,99.28888808900723,2
Clustering,120.0,99.28933120718891,2
Clustering,5.0,14.000014147383608,3
Clustering,10.0,14.259479997758175,3
Clustering,15.0,14.595377028086961,3
Clustering,20.0,15.148392904400376,3
Clustering,25.0,15.51873454891328,3
Clustering,30.0,15.995347612040414,3
Clustering,35.0,16.62101061297454,3
Clustering,40.0,17.437523177448995,3
Clustering,45.0,18.211112305726186,3
Clustering,50.0,19.080787489279,3
Clustering,55.0,20.272389844495756,3
Clustering,60.0,21.759649642211322,3
Clustering,65.0,23.73514262175168,3
Clustering,70.0,26.29985292299753,3
Clustering,75.0,29.913068312376023,3
Clustering,80.0,35.18631719943499,3
Clustering,85.0,44.568014434797924,3
Clustering,90.0,62.18158905908496,3
Clustering,95.0,99.25180030245674,3
Clustering,100.0,99.25277766726892,3
Clustering,105.0,99.25420943023924,3
Clustering,110.0,99.25408310757038,3
Clustering,115.0,99.25587990426874,3
Clustering,120.0,99.25685184887155,3
Clustering,5.0,14.052327678123842,4
Clustering,10.0,14.26474365631088,4
Clustering,15.0,14.592356630900817,4
Clustering,20.0,15.223850261217093,4
Clustering,25.0,15.630377544092816,4
Clustering,30.0,16.031093669211504,4
Clustering,35.0,16.589633446162892,4
Clustering,40.0,17.354961495161405,4
Clustering,45.0,18.064031893921527,4
Clustering,50.0,18.95351362577255,4
Clustering,55.0,20.151200627967064,4
Clustering,60.0,21.504634650487915,4
Clustering,65.0,23.306546775567526,4
Clustering,70.0,25.72511717067872,4
Clustering,75.0,29.201009141028305,4
Clustering,80.0,34.21716290762139,4
Clustering,85.0,42.750422366105795,4
Clustering,90.0,59.9653377032603,4
Clustering,95.0,99.26116954608355,4
Clustering,100.0,99.26206342389963,4
Clustering,105.0,99.26392189752764,4
Clustering,110.0,99.26448786681945,4
Clustering,115.0,99.26488434921845,4
Clustering,120.0,99.26749185485333,4
Clustering,5.0,13.96346259079155,5
Clustering,10.0,14.187767980874211,5
Clustering,15.0,14.40290348927097,5
Clustering,20.0,15.088729489121269,5
Clustering,25.0,15.483204770022988,5
Clustering,30.0,15.906911677542334,5
Clustering,35.0,16.462942791987658,5
Clustering,40.0,17.198011605126414,5
Clustering,45.0,17.82219987355807,5
Clustering,50.0,18.776639759286624,5
Clustering,55.0,19.87267877460442,5
Clustering,60.0,21.150300377901733,5
Clustering,65.0,22.965938728299243,5
Clustering,70.0,25.253527097428623,5
Clustering,75.0,28.62594332433298,5
Clustering,80.0,33.506601342550354,5
Clustering,85.0,41.93812406646739,5
Clustering,90.0,59.2687560688107,5
Clustering,95.0,99.27466150388986,5
Clustering,100.0,99.27581869296706,5
Clustering,105.0,99.27666970316547,5
Clustering,110.0,99.27951958411059,5
Clustering,115.0,99.2820584194836,5
Clustering,120.0,99.28541141693603,5
Clustering,5.0,14.019296169158304,6
Clustering,10.0,14.2424199375798,6
Clustering,15.0,14.499491501099419,6
Clustering,20.0,15.283892138797011,6
Clustering,25.0,15.672262197989657,6
Clustering,30.0,16.060090512220164,6
Clustering,35.0,16.715062655739455,6
Clustering,40.0,17.503085990726504,6
Clustering,45.0,18.249387434146374,6
Clustering,50.0,19.180568269199256,6
Clustering,55.0,20.3810956407197,6
Clustering,60.0,21.718717066813472,6
Clustering,65.0,23.590450136541673,6
Clustering,70.0,25.879226941771687,6
Clustering,75.0,29.430466500860476,6
Clustering,80.0,34.45780245823914,6
Clustering,85.0,42.66618614908963,6
Clustering,90.0,59.70013715207867,6
Clustering,95.0,99.29025454056338,6
Clustering,100.0,99.29058404050464,6
Clustering,105.0,99.29146893671782,6
Clustering,110.0,99.29210623968821,6
Clustering,115.0,99.29453112108875,6
Clustering,120.0,99.29614709740407,6
Clustering,5.0,13.920711469429806,7
Clustering,10.0,14.226992191866932,7
Clustering,15.0,14.543439665942486,7
Clustering,20.0,15.27738765911586,7
Clustering,25.0,15.663228252491804,7
Clustering,30.0,16.09752926776718,7
Clustering,35.0,16.713008699869935,7
Clustering,40.0,17.395900737736596,7
Clustering,45.0,18.105890812141666,7
Clustering,50.0,18.944102861175327,7
Clustering,55.0,20.26201240321361,7
Clustering,60.0,21.6912842799855,7
Clustering,65.0,23.6602977731219,7
Clustering,70.0,26.167009396344305,7
Clustering,75.0,29.69524965508335,7
Clustering,80.0,35.36395626968811,7
Clustering,85.0,44.067333294709016,7
Clustering,90.0,62.048803289692344,7
Clustering,95.0,99.30597262737012,7
Clustering,100.0,99.3064150160794,7
Clustering,105.0,99.30926455387595,7
Clustering,110.0,99.31067139864605,7
Clustering,115.0,99.31293974053669,7
Clustering,120.0,99.31558402136444,7
Clustering,5.0,14.015602674379718,8
Clustering,10.0,14.240483387433212,8
Clustering,15.0,14.597422504691574,8
Clustering,20.0,15.280374972357702,8
Clustering,25.0,15.655648363477843,8
Clustering,30.0,16.147614255919752,8
Clustering,35.0,16.84021543725904,8
Clustering,40.0,17.56031309404732,8
Clustering,45.0,18.265112428710236,8
Clustering,50.0,19.184720391026843,8
Clustering,55.0,20.237690359987614,8
Clustering,60.0,21.692309196377522,8
Clustering,65.0,23.810325864395626,8
Clustering,70.0,26.37555769554786,8
Clustering,75.0,29.963157804624423,8
Clustering,80.0,35.121860848610595,8
Clustering,85.0,43.67348925655449,8
Clustering,90.0,60.94949442596928,8
Clustering,95.0,99.27066446552372,8
Clustering,100.0,99.27183665331941,8
Clustering,105.0,99.27211067224945,8
Clustering,110.0,99.27368052707007,8
Clustering,115.0,99.27569177600927,8
Clustering,120.0,99.27619612676594,8
Clustering,5.0,14.062748953970864,9
Clustering,10.0,14.244430516272551,9
Clustering,15.0,14.51741414753277,9
Clustering,20.0,15.148665666038209,9
Clustering,25.0,15.54153426896,9
Clustering,30.0,15.983895266007437,9
Clustering,35.0,16.547669331679522,9
Clustering,40.0,17.346017666683274,9
Clustering,45.0,18.0778004322678,9
Clustering,50.0,19.046805462713884,9
Clustering,55.0,20.20028165724154,9
Clustering,60.0,21.60529626773795,9
Clustering,65.0,23.660207600246235,9
Clustering,70.0,26.297817614637438,9
Clustering,75.0,29.930149294120945,9
Clustering,80.0,35.36013564596836,9
Clustering,85.0,43.40164877674509,9
Clustering,90.0,60.36257626870598,9
Clustering,95.0,99.27161398242325,9
Clustering,100.0,99.27979293336644,9
Clustering,105.0,99.28134997972529,9
Clustering,110.0,99.2816592390224,9
Clustering,115.0,99.28346655549115,9
Clustering,120.0,99.28331130065223,9
FGD,5.0,13.890980425694908,0
FGD,10.0,14.140632736579253,0
FGD,15.0,14.30958920526096,0
FGD,20.0,14.54721234090012,0
FGD,25.0,14.902844833093845,0
FGD,30.0,15.294056449084103,0
FGD,35.0,15.688409580592994,0
FGD,40.0,16.24281576577132,0
FGD,45.0,16.858201269316535,0
FGD,50.0,17.61828544110358,0
FGD,55.0,18.534407563196755,0
FGD,60.0,19.729308677984232,0
FGD,65.0,21.160797539454297,0
FGD,70.0,23.207217616647814,0
FGD,75.0,26.073527248508636,0
FGD,80.0,30.111979221216327,0
FGD,85.0,36.84800168465813,0
FGD,90.0,50.756307180650865,0
FGD,95.0,93.04964670898413,0
FGD,100.0,99.2133043763678,0
FGD,105.0,99.2160031439798,0
FGD,110.0,99.21714997483872,0
FGD,115.0,99.22061093557272,0
FGD,120.0,99.22290463491518,0
FGD,5.0,13.886682417033375,1
FGD,10.0,14.00915173156832,1
FGD,15.0,14.221976239994053,1
FGD,20.0,14.43899323493547,1
FGD,25.0,14.784460331198204,1
FGD,30.0,15.233348225379869,1
FGD,35.0,15.6802271542637,1
FGD,40.0,16.145121098931224,1
FGD,45.0,16.8186971451199,1
FGD,50.0,17.488954900556596,1
FGD,55.0,18.480737589223413,1
FGD,60.0,19.493047598646505,1
FGD,65.0,20.91217947822887,1
FGD,70.0,22.774579140577412,1
FGD,75.0,25.649565907375255,1
FGD,80.0,29.676287167394687,1
FGD,85.0,36.194307718582785,1
FGD,90.0,49.66217433116672,1
FGD,95.0,93.1107656760076,1
FGD,100.0,99.28923677264541,1
FGD,105.0,99.29083538742346,1
FGD,110.0,99.29189273566234,1
FGD,115.0,99.29443376565818,1
FGD,120.0,99.29837645284464,1
FGD,5.0,13.914202818720009,2
FGD,10.0,14.111299377129644,2
FGD,15.0,14.336583190142974,2
FGD,20.0,14.568458476098037,2
FGD,25.0,14.881417933548985,2
FGD,30.0,15.318754192850603,2
FGD,35.0,15.75563314295248,2
FGD,40.0,16.31089932207714,2
FGD,45.0,16.93240462542637,2
FGD,50.0,17.669981438135242,2
FGD,55.0,18.572313978109538,2
FGD,60.0,19.687325025321286,2
FGD,65.0,21.18502404479545,2
FGD,70.0,23.197524050488624,2
FGD,75.0,26.027076427694347,2
FGD,80.0,30.40951520062408,2
FGD,85.0,37.1716192667767,2
FGD,90.0,50.72756292502727,2
FGD,95.0,92.80635093286199,2
FGD,100.0,99.30703927406255,2
FGD,105.0,99.31049364904065,2
FGD,110.0,99.31373971056965,2
FGD,115.0,99.3140640980065,2
FGD,120.0,99.31539309139873,2
FGD,5.0,13.950103291284604,3
FGD,10.0,14.108412305100712,3
FGD,15.0,14.356839000409263,3
FGD,20.0,14.602400902677036,3
FGD,25.0,14.966499243044156,3
FGD,30.0,15.437084811546814,3
FGD,35.0,15.928393659036614,3
FGD,40.0,16.524470875954627,3
FGD,45.0,17.189997275635463,3
FGD,50.0,17.902589223925023,3
FGD,55.0,18.863875220262134,3
FGD,60.0,20.077793861743253,3
FGD,65.0,21.593176586154623,3
FGD,70.0,23.63940257181256,3
FGD,75.0,26.51382049436687,3
FGD,80.0,30.87310720411649,3
FGD,85.0,38.42362731466742,3
FGD,90.0,52.68940512706236,3
FGD,95.0,99.26037727579983,3
FGD,100.0,99.26279905162272,3
FGD,105.0,99.26451231369555,3
FGD,110.0,99.26839887384502,3
FGD,115.0,99.27284002186882,3
FGD,120.0,99.27667506663413,3
FGD,5.0,13.923084377373263,4
FGD,10.0,14.101778894388175,4
FGD,15.0,14.318140082219813,4
FGD,20.0,14.596807320203592,4
FGD,25.0,14.911040428691608,4
FGD,30.0,15.27357858201189,4
FGD,35.0,15.695539638366352,4
FGD,40.0,16.211383829603847,4
FGD,45.0,16.846925434890373,4
FGD,50.0,17.537723267512696,4
FGD,55.0,18.542169407797093,4
FGD,60.0,19.52751973185797,4
FGD,65.0,20.977797240034274,4
FGD,70.0,22.79896149626404,4
FGD,75.0,25.529880737849524,4
FGD,80.0,29.449113261759514,4
FGD,85.0,36.11668323437176,4
FGD,90.0,49.648758485769584,4
FGD,95.0,92.39642977380139,4
FGD,100.0,99.26312916390462,4
FGD,105.0,99.26698591956064,4
FGD,110.0,99.26830792616423,4
FGD,115.0,99.27328216122972,4
FGD,120.0,99.27812532265978,4
FGD,5.0,13.952415742764959,5
FGD,10.0,14.136350198838798,5
FGD,15.0,14.349144298130492,5
FGD,20.0,14.623461406703022,5
FGD,25.0,14.992296343079254,5
FGD,30.0,15.404490114140692,5
FGD,35.0,15.876876377876737,5
FGD,40.0,16.514619836518502,5
FGD,45.0,17.097108224274947,5
FGD,50.0,17.844304654252305,5
FGD,55.0,18.754622921483723,5
FGD,60.0,19.855079963372166,5
FGD,65.0,21.29761779576673,5
FGD,70.0,23.258245954072926,5
FGD,75.0,25.960028469319862,5
FGD,80.0,30.12281857581522,5
FGD,85.0,36.8705343353539,5
FGD,90.0,51.05836486793773,5
FGD,95.0,98.72184335031253,5
FGD,100.0,99.28229617145104,5
FGD,105.0,99.28427047081975,5
FGD,110.0,99.28968405589347,5
FGD,115.0,99.29329281491246,5
FGD,120.0,99.29807940684107,5
FGD,5.0,13.87910903021262,6
FGD,10.0,14.052849318673147,6
FGD,15.0,14.265917483615265,6
FGD,20.0,14.480452862215762,6
FGD,25.0,14.797314507390968,6
FGD,30.0,15.186305162090552,6
FGD,35.0,15.719301462405996,6
FGD,40.0,16.20937342918643,6
FGD,45.0,16.811187941615916,6
FGD,50.0,17.65054987191494,6
FGD,55.0,18.587914213108167,6
FGD,60.0,19.644848943179813,6
FGD,65.0,21.11165140371119,6
FGD,70.0,22.977182123627152,6
FGD,75.0,25.596845536835183,6
FGD,80.0,29.635567795270674,6
FGD,85.0,36.15090692593951,6
FGD,90.0,49.47790025229164,6
FGD,95.0,92.63272905781247,6
FGD,100.0,99.28713081149337,6
FGD,105.0,99.29334609602664,6
FGD,110.0,99.29699386258554,6
FGD,115.0,99.3030433288419,6
FGD,120.0,99.3054919118697,6
FGD,5.0,13.887945775814684,7
FGD,10.0,14.074279109856406,7
FGD,15.0,14.290698842661339,7
FGD,20.0,14.615038326594817,7
FGD,25.0,14.99689684902186,7
FGD,30.0,15.394321192513353,7
FGD,35.0,15.81523280268636,7
FGD,40.0,16.39633912579339,7
FGD,45.0,17.04314917802068,7
FGD,50.0,17.74893062553545,7
FGD,55.0,18.720646590023257,7
FGD,60.0,19.82914704842478,7
FGD,65.0,21.37072132148489,7
FGD,70.0,23.392138032977517,7
FGD,75.0,26.218497264084366,7
FGD,80.0,30.265530707331408,7
FGD,85.0,37.143278028683724,7
FGD,90.0,51.07638800714655,7
FGD,95.0,99.31410552045479,7
FGD,100.0,99.31883453974983,7
FGD,105.0,99.3238519205066,7
FGD,110.0,99.32620391580846,7
FGD,115.0,99.32827371662138,7
FGD,120.0,99.33285095718635,7
FGD,5.0,13.898504880852613,8
FGD,10.0,14.081487932429967,8
FGD,15.0,14.367834153479887,8
FGD,20.0,14.586184993869894,8
FGD,25.0,14.915820771272822,8
FGD,30.0,15.300606955560001,8
FGD,35.0,15.822454403456693,8
FGD,40.0,16.379137643057547,8
FGD,45.0,16.92879696657745,8
FGD,50.0,17.689031444766023,8
FGD,55.0,18.558940402093675,8
FGD,60.0,19.698763797509667,8
FGD,65.0,21.345901683711574,8
FGD,70.0,23.50356895976528,8
FGD,75.0,26.19814957350577,8
FGD,80.0,30.359231713170082,8
FGD,85.0,37.046866653730135,8
FGD,90.0,51.064857672817844,8
FGD,95.0,95.30787537664072,8
FGD,100.0,99.26215912647916,8
FGD,105.0,99.26257241953212,8
FGD,110.0,99.2639233364635,8
FGD,115.0,99.2666089733692,8
FGD,120.0,99.26773720939151,8
FGD,5.0,13.900746398096647,9
FGD,10.0,14.031502346773467,9
FGD,15.0,14.215156986246516,9
FGD,20.0,14.4031115299911,9
FGD,25.0,14.71660249835957,9
FGD,30.0,15.071682904931835,9
FGD,35.0,15.539825020476508,9
FGD,40.0,16.077374099337057,9
FGD,45.0,16.681300987722686,9
FGD,50.0,17.452535836813716,9
FGD,55.0,18.329849197217623,9
FGD,60.0,19.408286450320002,9
FGD,65.0,20.996465803144748,9
FGD,70.0,23.02993656067784,9
FGD,75.0,25.873990069951684,9
FGD,80.0,30.418492312290184,9
FGD,85.0,36.71763201765827,9
FGD,90.0,50.10921917925937,9
FGD,95.0,91.64966411804016,9
FGD,100.0,99.25399410473047,9
FGD,105.0,99.25571690484347,9
FGD,110.0,99.25603696676605,9
FGD,115.0,99.26075688090557,9
FGD,120.0,99.26089930753655,9
