scheduler,cause,pct,run
Random,deficient,36.395165267247016,0
Random,stranded,50.17891368956665,0
Random,non_gpu,13.425921043186328,0
Random,deficient,32.948980777892764,1
Random,stranded,53.63178924343902,1
Random,non_gpu,13.41922997866821,1
Random,deficient,34.33591597526437,2
Random,stranded,52.24525250366878,2
Random,non_gpu,13.418831521066842,2
Random,deficient,35.476580906863894,3
Random,stranded,51.107514713795844,3
Random,non_gpu,13.415904379340244,3
Random,deficient,33.88071463412435,4
Random,stranded,52.701270611532614,4
Random,non_gpu,13.418014754343035,4
Random,deficient,34.184680993145086,5
Random,stranded,52.39906383543492,5
Random,non_gpu,13.416255171419996,5
Random,deficient,35.52444605972283,6
Random,stranded,51.05792210033779,6
Random,non_gpu,13.417631839939387,6
Random,deficient,28.94445391035218,7
Random,stranded,57.63999144466152,7
Random,non_gpu,13.4155546449863,7
Random,deficient,34.99446660988763,8
Random,stranded,51.58632420898033,8
Random,non_gpu,13.419209181132038,8
Random,deficient,33.38590682066575,9
Random,stranded,53.18765907268941,9
Random,non_gpu,13.426434106644821,9
BestFit,deficient,60.13863729376035,0
BestFit,stranded,26.465777451207234,0
BestFit,non_gpu,13.395585255032419,0
BestFit,deficient,62.52363314207797,1
BestFit,stranded,24.084399214325146,1
BestFit,non_gpu,13.39196764359688,1
BestFit,deficient,60.27353301679447,2
BestFit,stranded,26.332971554738183,2
BestFit,non_gpu,13.393495428467356,2
BestFit,deficient,60.53394493066288,3
BestFit,stranded,26.07525652983309,3
BestFit,non_gpu,13.39079853950404,3
BestFit,deficient,58.1622251633782,4
BestFit,stranded,28.447020484063167,4
BestFit,non_gpu,13.39075435255864,4
BestFit,deficient,61.630212182125085,5
BestFit,stranded,24.980191572740235,5
BestFit,non_gpu,13.389596245134683,5
BestFit,deficient,60.87256195757875,6
BestFit,stranded,25.7383405740182,6
BestFit,non_gpu,13.389097468403058,6
BestFit,deficient,59.12247940655183,7
BestFit,stranded,27.488489147331034,7
BestFit,non_gpu,13.389031446117135,7
BestFit,deficient,66.89381077388964,8
BestFit,stranded,19.714007541540678,8
BestFit,non_gpu,13.39218168456969,8
BestFit,deficient,62.99282063509818,9
BestFit,stranded,23.61663277863407,9
BestFit,non_gpu,13.390546586267751,9
BestFit-PN,deficient,68.96826341069978,0
BestFit-PN,stranded,17.647053302562007,0
BestFit-PN,non_gpu,13.384683286738221,0
BestFit-PN,deficient,68.04973123352077,1
BestFit-PN,stranded,18.56597871020782,1
BestFit-PN,non_gpu,13.384290056271414,1
BestFit-PN,deficient,68.08860494342481,2
BestFit-PN,stranded,18.53010183148674,2
BestFit-PN,non_gpu,13.38129322508843,2
BestFit-PN,deficient,67.48323066471876,3
BestFit-PN,stranded,19.131600642154844,3
BestFit-PN,non_gpu,13.385168693126396,3
BestFit-PN,deficient,71.90718448844561,4
BestFit-PN,stranded,14.713590408988916,4
BestFit-PN,non_gpu,13.379225102565476,4
BestFit-PN,deficient,70.96066153470433,5
BestFit-PN,stranded,15.654898496776084,5
BestFit-PN,non_gpu,13.384439968519581,5
BestFit-PN,deficient,69.44952742985302,6
BestFit-PN,stranded,17.164305212891808,6
BestFit-PN,non_gpu,13.386167357255157,6
BestFit-PN,deficient,65.02135548550643,7
BestFit-PN,stranded,21.595632189871385,7
BestFit-PN,non_gpu,13.383012324622179,7
BestFit-PN,deficient,72.01882506602524,8
BestFit-PN,stranded,14.595226850100154,8
BestFit-PN,non_gpu,13.385948083874597,8
BestFit-PN,deficient,70.04192070368347,9
BestFit-PN,stranded,16.57539340370246,9
BestFit-PN,non_gpu,13.382685892614063,9
DotProd,deficient,38.01236736474552,0
DotProd,stranded,48.58559889409166,0
DotProd,non_gpu,13.402033741162834,0
DotProd,deficient,41.896248037100605,1
DotProd,stranded,44.70329001414907,1
DotProd,non_gpu,13.400461948750314,1
DotProd,deficient,38.741090913162495,2
DotProd,stranded,47.85893308403287,2
DotProd,non_gpu,13.399976002804612,2
DotProd,deficient,42.17433863279165,3
DotProd,stranded,44.426494509043984,3
DotProd,non_gpu,13.399166858164369,3
DotProd,deficient,40.27668154577081,4
DotProd,stranded,46.324177358654886,4
DotProd,non_gpu,13.399141095574313,4
DotProd,deficient,38.402220701882364,5
DotProd,stranded,48.19842349983156,5
DotProd,non_gpu,13.399355798286072,5
DotProd,deficient,40.45334505484374,6
DotProd,stranded,46.1490201678109,6
DotProd,non_gpu,13.397634777345363,6
DotProd,deficient,38.58357528288748,7
DotProd,stranded,48.01758334011993,7
DotProd,non_gpu,13.398841376992603,7
DotProd,deficient,42.467718391498316,8
DotProd,stranded,44.12955705594475,8
DotProd,non_gpu,13.402724552556942,8
DotProd,deficient,40.73315665204993,9
DotProd,stranded,45.86907274862853,9
DotProd,non_gpu,13.397770599321538,9
Packing,deficient,70.3733227347581,0
Packing,stranded,16.226616657685575,0
Packing,non_gpu,13.400060607556322,0
Packing,deficient,72.31948360685789,1
Packing,stranded,14.2826272478879,1
Packing,non_gpu,13.397889145254208,1
Packing,deficient,68.85465512591942,2
Packing,stranded,17.736240747268276,2
Packing,non_gpu,13.409104126812299,2
Packing,deficient,75.36705288395626,3
Packing,stranded,11.229013190166844,3
Packing,non_gpu,13.403933925876874,3
Packing,deficient,72.11037331565564,4
Packing,stranded,14.478126334509422,4
Packing,non_gpu,13.411500349834943,4
Packing,deficient,74.44406963182671,5
Packing,stranded,12.154103079902704,5
Packing,non_gpu,13.401827288270582,5
Packing,deficient,69.9216308242209,6
Packing,stranded,16.678270437209846,6
Packing,non_gpu,13.400098738569255,6
Packing,deficient,71.25313614091225,7
Packing,stranded,15.359155242432564,7
Packing,non_gpu,13.387708616655198,7
Packing,deficient,76.2638045832339,8
Packing,stranded,10.334242328240505,8
Packing,non_gpu,13.401953088525593,8
Packing,deficient,73.95890617326477,9
Packing,stranded,12.651342184913858,9
Packing,non_gpu,13.38975164182136,9
Clustering,deficient,71.2693275442415,0
Clustering,stranded,15.286809523374439,0
Clustering,non_gpu,13.443862932384052,0
Clustering,deficient,72.84484896067954,1
Clustering,stranded,13.710803357845592,1
Clustering,non_gpu,13.444347681474856,1
Clustering,deficient,68.04762741875561,2
Clustering,stranded,18.51042681058752,2
Clustering,non_gpu,13.441945770656858,2
Clustering,deficient,74.20903149556159,3
Clustering,stranded,12.344624188340838,3
Clustering,non_gpu,13.446344316097553,3
Clustering,deficient,72.45616163718674,4
Clustering,stranded,14.098935295822312,4
Clustering,non_gpu,13.44490306699096,4
Clustering,deficient,73.53853608846572,5
Clustering,stranded,13.018987452559049,5
Clustering,non_gpu,13.442476458975234,5
Clustering,deficient,72.9827611511483,6
Clustering,stranded,13.576215760789692,6
Clustering,non_gpu,13.44102308806201,6
Clustering,deficient,72.39664577981543,7
Clustering,stranded,14.164961657294278,7
Clustering,non_gpu,13.438392562890295,7
Clustering,deficient,74.0804214386662,8
Clustering,stranded,12.475854307559816,8
Clustering,non_gpu,13.443724253773977,8
Clustering,deficient,75.19434578878081,9
Clustering,stranded,11.362893406734855,9
Clustering,non_gpu,13.44276080448433,9
FGD,deficient,73.75922340123545,0
FGD,stranded,12.8365956683322,0
FGD,non_gpu,13.404180930432346,0
FGD,deficient,72.93574548413808,1
FGD,stranded,13.660616197251615,1
FGD,non_gpu,13.403638318610309,1
FGD,deficient,71.05162404844747,2
FGD,stranded,15.547977746220907,2
FGD,non_gpu,13.400398205331626,2
FGD,deficient,67.3115191081345,3
FGD,stranded,19.285836364366872,3
FGD,non_gpu,13.402644527498634,3
FGD,deficient,74.09135805644453,4
FGD,stranded,12.50900457414604,4
FGD,non_gpu,13.399637369409437,4
FGD,deficient,72.18846341907536,5
FGD,stranded,14.41455794273358,5
FGD,non_gpu,13.396978638191065,5
FGD,deficient,72.17063300131348,6
FGD,stranded,14.429401360712586,6
FGD,non_gpu,13.399965637973937,6
FGD,deficient,72.40443607370068,7
FGD,stranded,14.199184522667444,7
FGD,non_gpu,13.396379403631883,7
FGD,deficient,73.63991439149544,8
FGD,stranded,12.95290549590603,8
FGD,non_gpu,13.40718011259853,8
FGD,deficient,72.43087203328047,9
FGD,stranded,14.163961844181571,9
FGD,non_gpu,13.405166122537942,9
