metric,demand_pct,policy,mean_value,std_value,n_seeds,paper_value
frag_over_total_pct,0,bestfit,14.94,0.0,3,
frag_over_total_pct,0,dotprod,14.97,0.01,3,
frag_over_total_pct,0,fgd,14.92,0.01,3,14
frag_over_total_pct,0,gpuclustering,14.98,0.01,3,15
frag_over_total_pct,0,gpupacking,14.94,0.0,3,
frag_over_total_pct,0,random,14.97,0.01,3,14.5
frag_over_total_pct,5,bestfit,14.28,0.07,3,
frag_over_total_pct,5,dotprod,14.79,0.02,3,
frag_over_total_pct,5,fgd,14.15,0.01,3,
frag_over_total_pct,5,gpuclustering,15.22,0.08,3,
frag_over_total_pct,5,gpupacking,14.26,0.03,3,
frag_over_total_pct,5,random,15.22,0.07,3,
frag_over_total_pct,10,bestfit,13.74,0.05,3,
frag_over_total_pct,10,dotprod,14.65,0.07,3,
frag_over_total_pct,10,fgd,13.59,0.02,3,12.8
frag_over_total_pct,10,gpuclustering,15.19,0.04,3,15
frag_over_total_pct,10,gpupacking,13.74,0.02,3,
frag_over_total_pct,10,random,15.37,0.13,3,14.5
frag_over_total_pct,15,bestfit,13.14,0.07,3,
frag_over_total_pct,15,dotprod,14.55,0.18,3,
frag_over_total_pct,15,fgd,12.99,0.01,3,
frag_over_total_pct,15,gpuclustering,15.08,0.11,3,
frag_over_total_pct,15,gpupacking,13.25,0.05,3,
frag_over_total_pct,15,random,15.38,0.11,3,
frag_over_total_pct,20,bestfit,12.66,0.09,3,
frag_over_total_pct,20,dotprod,14.14,0.14,3,
frag_over_total_pct,20,fgd,12.41,0.02,3,11.8
frag_over_total_pct,20,gpuclustering,14.7,0.1,3,14.5
frag_over_total_pct,20,gpupacking,12.93,0.06,3,
frag_over_total_pct,20,random,15.33,0.04,3,14.5
frag_over_total_pct,25,bestfit,12.13,0.08,3,
frag_over_total_pct,25,dotprod,14.0,0.18,3,
frag_over_total_pct,25,fgd,11.88,0.02,3,
frag_over_total_pct,25,gpuclustering,14.46,0.13,3,
frag_over_total_pct,25,gpupacking,12.42,0.1,3,
frag_over_total_pct,25,random,15.15,0.1,3,
frag_over_total_pct,30,bestfit,11.83,0.18,3,
frag_over_total_pct,30,dotprod,13.62,0.16,3,
frag_over_total_pct,30,fgd,11.36,0.03,3,11.1
frag_over_total_pct,30,gpuclustering,14.04,0.09,3,13.7
frag_over_total_pct,30,gpupacking,11.9,0.08,3,
frag_over_total_pct,30,random,14.96,0.08,3,14.8
frag_over_total_pct,35,bestfit,11.34,0.17,3,
frag_over_total_pct,35,dotprod,13.25,0.21,3,
frag_over_total_pct,35,fgd,10.85,0.04,3,
frag_over_total_pct,35,gpuclustering,13.77,0.06,3,
frag_over_total_pct,35,gpupacking,11.43,0.08,3,
frag_over_total_pct,35,random,14.62,0.13,3,
frag_over_total_pct,40,bestfit,10.84,0.15,3,
frag_over_total_pct,40,dotprod,12.74,0.18,3,
frag_over_total_pct,40,fgd,10.3,0.02,3,10.1
frag_over_total_pct,40,gpuclustering,13.36,0.07,3,13
frag_over_total_pct,40,gpupacking,10.94,0.07,3,
frag_over_total_pct,40,random,14.23,0.13,3,14.9
frag_over_total_pct,45,bestfit,10.35,0.13,3,
frag_over_total_pct,45,dotprod,12.32,0.18,3,
frag_over_total_pct,45,fgd,9.78,0.01,3,9.2
frag_over_total_pct,45,gpuclustering,13.08,0.11,3,
frag_over_total_pct,45,gpupacking,10.44,0.06,3,
frag_over_total_pct,45,random,13.87,0.19,3,
frag_over_total_pct,50,bestfit,9.84,0.17,3,
frag_over_total_pct,50,dotprod,11.87,0.17,3,
frag_over_total_pct,50,fgd,9.23,0.02,3,
frag_over_total_pct,50,gpuclustering,12.94,0.09,3,12
frag_over_total_pct,50,gpupacking,9.92,0.06,3,
frag_over_total_pct,50,random,13.37,0.16,3,15
frag_over_total_pct,55,bestfit,9.3,0.16,3,
frag_over_total_pct,55,dotprod,11.42,0.13,3,
frag_over_total_pct,55,fgd,8.71,0.03,3,8.4
frag_over_total_pct,55,gpuclustering,12.59,0.04,3,11.5
frag_over_total_pct,55,gpupacking,9.39,0.04,3,
frag_over_total_pct,55,random,12.94,0.15,3,
frag_over_total_pct,60,bestfit,8.78,0.15,3,
frag_over_total_pct,60,dotprod,10.94,0.1,3,
frag_over_total_pct,60,fgd,8.2,0.01,3,
frag_over_total_pct,60,gpuclustering,12.64,0.02,3,
frag_over_total_pct,60,gpupacking,8.92,0.02,3,
frag_over_total_pct,60,random,12.52,0.16,3,15.4
frag_over_total_pct,65,bestfit,8.29,0.17,3,
frag_over_total_pct,65,dotprod,10.58,0.07,3,
frag_over_total_pct,65,fgd,7.66,0.0,3,7.3
frag_over_total_pct,65,gpuclustering,12.37,0.04,3,10.7
frag_over_total_pct,65,gpupacking,8.42,0.06,3,
frag_over_total_pct,65,random,12.09,0.18,3,15.8
frag_over_total_pct,70,bestfit,7.76,0.2,3,
frag_over_total_pct,70,dotprod,10.15,0.1,3,
frag_over_total_pct,70,fgd,7.12,0.02,3,
frag_over_total_pct,70,gpuclustering,12.27,0.04,3,
frag_over_total_pct,70,gpupacking,7.9,0.1,3,
frag_over_total_pct,70,random,11.71,0.19,3,
frag_over_total_pct,75,bestfit,7.27,0.23,3,
frag_over_total_pct,75,dotprod,10.0,0.19,3,
frag_over_total_pct,75,fgd,6.59,0.03,3,6.7
frag_over_total_pct,75,gpuclustering,12.59,0.27,3,10
frag_over_total_pct,75,gpupacking,7.41,0.11,3,
frag_over_total_pct,75,random,11.14,0.14,3,15.8
frag_over_total_pct,80,bestfit,6.74,0.26,3,
frag_over_total_pct,80,dotprod,9.74,0.17,3,
frag_over_total_pct,80,fgd,6.05,0.03,3,5.7
frag_over_total_pct,80,gpuclustering,12.71,0.13,3,9.3
frag_over_total_pct,80,gpupacking,6.87,0.11,3,
frag_over_total_pct,80,random,10.6,0.14,3,
frag_over_total_pct,85,bestfit,6.21,0.26,3,
frag_over_total_pct,85,dotprod,9.1,0.1,3,
frag_over_total_pct,85,fgd,5.51,0.05,3,
frag_over_total_pct,85,gpuclustering,11.87,0.09,3,9
frag_over_total_pct,85,gpupacking,6.34,0.13,3,
frag_over_total_pct,85,random,9.99,0.08,3,15.5
frag_over_total_pct,90,bestfit,5.7,0.28,3,
frag_over_total_pct,90,dotprod,8.3,0.1,3,
frag_over_total_pct,90,fgd,4.96,0.04,3,5.2
frag_over_total_pct,90,gpuclustering,10.74,0.03,3,8.4
frag_over_total_pct,90,gpupacking,5.83,0.15,3,
frag_over_total_pct,90,random,9.37,0.08,3,14.6
frag_over_total_pct,95,bestfit,5.19,0.32,3,
frag_over_total_pct,95,dotprod,7.54,0.09,3,
frag_over_total_pct,95,fgd,4.48,0.11,3,4.5
frag_over_total_pct,95,gpuclustering,9.36,0.13,3,
frag_over_total_pct,95,gpupacking,5.33,0.18,3,
frag_over_total_pct,95,random,8.46,0.12,3,14
frag_over_total_pct,100,bestfit,5.14,0.33,3,
frag_over_total_pct,100,dotprod,6.58,0.19,3,
frag_over_total_pct,100,fgd,4.61,0.17,3,4.6
frag_over_total_pct,100,gpuclustering,8.31,0.1,3,8
frag_over_total_pct,100,gpupacking,5.29,0.17,3,
frag_over_total_pct,100,random,7.96,0.11,3,13.5
frag_over_total_pct,105,bestfit,5.12,0.32,3,
frag_over_total_pct,105,dotprod,6.16,0.16,3,
frag_over_total_pct,105,fgd,4.58,0.17,3,
frag_over_total_pct,105,gpuclustering,7.78,0.11,3,
frag_over_total_pct,105,gpupacking,5.27,0.17,3,
frag_over_total_pct,105,random,7.53,0.1,3,13.4
frag_over_total_pct,110,bestfit,5.09,0.29,3,
frag_over_total_pct,110,dotprod,5.8,0.19,3,
frag_over_total_pct,110,fgd,4.54,0.13,3,4.6
frag_over_total_pct,110,gpuclustering,7.25,0.06,3,8
frag_over_total_pct,110,gpupacking,5.23,0.13,3,
frag_over_total_pct,110,random,7.14,0.13,3,
frag_over_total_pct,115,bestfit,5.04,0.27,3,
frag_over_total_pct,115,dotprod,5.46,0.19,3,
frag_over_total_pct,115,fgd,4.5,0.1,3,
frag_over_total_pct,115,gpuclustering,6.81,0.11,3,
frag_over_total_pct,115,gpupacking,5.2,0.12,3,
frag_over_total_pct,115,random,6.89,0.16,3,12.6
frag_over_total_pct,120,bestfit,5.02,0.27,3,
frag_over_total_pct,120,dotprod,5.29,0.19,3,
frag_over_total_pct,120,fgd,4.47,0.1,3,4.7
frag_over_total_pct,120,gpuclustering,6.55,0.08,3,8.1
frag_over_total_pct,120,gpupacking,5.19,0.11,3,
frag_over_total_pct,120,random,6.72,0.16,3,12.7
frag_rate_pct,0,bestfit,14.96,0.0,3,
frag_rate_pct,0,dotprod,14.99,0.01,3,
frag_rate_pct,0,fgd,14.94,0.01,3,14
frag_rate_pct,0,gpuclustering,14.99,0.01,3,15
frag_rate_pct,0,gpupacking,14.95,0.0,3,
frag_rate_pct,0,random,14.99,0.01,3,15
frag_rate_pct,5,bestfit,15.04,0.07,3,
frag_rate_pct,5,dotprod,15.57,0.02,3,
frag_rate_pct,5,fgd,14.89,0.01,3,
frag_rate_pct,5,gpuclustering,16.02,0.08,3,
frag_rate_pct,5,gpupacking,15.01,0.03,3,
frag_rate_pct,5,random,16.02,0.07,3,
frag_rate_pct,10,bestfit,15.27,0.05,3,
frag_rate_pct,10,dotprod,16.27,0.07,3,
frag_rate_pct,10,fgd,15.1,0.03,3,14
frag_rate_pct,10,gpuclustering,16.86,0.04,3,15
frag_rate_pct,10,gpupacking,15.27,0.03,3,
frag_rate_pct,10,random,17.08,0.14,3,15
frag_rate_pct,15,bestfit,15.46,0.09,3,
frag_rate_pct,15,dotprod,17.12,0.21,3,
frag_rate_pct,15,fgd,15.28,0.01,3,
frag_rate_pct,15,gpuclustering,17.67,0.14,3,
frag_rate_pct,15,gpupacking,15.59,0.06,3,
frag_rate_pct,15,random,18.1,0.13,3,
frag_rate_pct,20,bestfit,15.83,0.12,3,
frag_rate_pct,20,dotprod,17.67,0.18,3,
frag_rate_pct,20,fgd,15.51,0.02,3,14
frag_rate_pct,20,gpuclustering,18.24,0.12,3,15
frag_rate_pct,20,gpupacking,16.16,0.07,3,
frag_rate_pct,20,random,19.16,0.05,3,16
frag_rate_pct,25,bestfit,16.17,0.11,3,
frag_rate_pct,25,dotprod,18.67,0.24,3,
frag_rate_pct,25,fgd,15.84,0.03,3,
frag_rate_pct,25,gpuclustering,19.05,0.19,3,
frag_rate_pct,25,gpupacking,16.56,0.13,3,
frag_rate_pct,25,random,20.2,0.14,3,
frag_rate_pct,30,bestfit,16.9,0.25,3,
frag_rate_pct,30,dotprod,19.45,0.23,3,
frag_rate_pct,30,fgd,16.23,0.04,3,14
frag_rate_pct,30,gpuclustering,19.73,0.12,3,15
frag_rate_pct,30,gpupacking,17.0,0.12,3,
frag_rate_pct,30,random,21.38,0.12,3,23
frag_rate_pct,35,bestfit,17.44,0.26,3,
frag_rate_pct,35,dotprod,20.38,0.3,3,
frag_rate_pct,35,fgd,16.69,0.06,3,
frag_rate_pct,35,gpuclustering,20.68,0.15,3,
frag_rate_pct,35,gpupacking,17.58,0.13,3,
frag_rate_pct,35,random,22.5,0.2,3,25
frag_rate_pct,40,bestfit,18.06,0.25,3,
frag_rate_pct,40,dotprod,21.2,0.29,3,
frag_rate_pct,40,fgd,17.17,0.03,3,16
frag_rate_pct,40,gpuclustering,21.56,0.15,3,21
frag_rate_pct,40,gpupacking,18.24,0.12,3,
frag_rate_pct,40,random,23.72,0.22,3,26
frag_rate_pct,45,bestfit,18.82,0.23,3,
frag_rate_pct,45,dotprod,22.33,0.32,3,
frag_rate_pct,45,fgd,17.77,0.01,3,
frag_rate_pct,45,gpuclustering,22.86,0.38,3,
frag_rate_pct,45,gpupacking,18.99,0.11,3,
frag_rate_pct,45,random,25.21,0.37,3,
frag_rate_pct,50,bestfit,19.67,0.34,3,
frag_rate_pct,50,dotprod,23.6,0.37,3,
frag_rate_pct,50,fgd,18.46,0.04,3,18
frag_rate_pct,50,gpuclustering,24.47,0.13,3,24
frag_rate_pct,50,gpupacking,19.85,0.12,3,
frag_rate_pct,50,random,26.68,0.37,3,31
frag_rate_pct,55,bestfit,20.66,0.35,3,
frag_rate_pct,55,dotprod,25.17,0.37,3,
frag_rate_pct,55,fgd,19.35,0.06,3,
frag_rate_pct,55,gpuclustering,26.14,0.35,3,
frag_rate_pct,55,gpupacking,20.88,0.09,3,
frag_rate_pct,55,random,28.67,0.4,3,
frag_rate_pct,60,bestfit,21.96,0.38,3,
frag_rate_pct,60,dotprod,26.97,0.44,3,
frag_rate_pct,60,fgd,20.49,0.01,3,19
frag_rate_pct,60,gpuclustering,29.14,0.44,3,27
frag_rate_pct,60,gpupacking,22.29,0.06,3,
frag_rate_pct,60,random,31.18,0.48,3,37
frag_rate_pct,65,bestfit,23.68,0.49,3,
frag_rate_pct,65,dotprod,29.55,0.55,3,
frag_rate_pct,65,fgd,21.88,0.01,3,
frag_rate_pct,65,gpuclustering,31.91,0.57,3,
frag_rate_pct,65,gpupacking,24.07,0.16,3,
frag_rate_pct,65,random,34.18,0.53,3,
frag_rate_pct,70,bestfit,25.87,0.65,3,
frag_rate_pct,70,dotprod,32.58,0.95,3,
frag_rate_pct,70,fgd,23.73,0.08,3,24
frag_rate_pct,70,gpuclustering,35.84,0.91,3,33
frag_rate_pct,70,gpupacking,26.32,0.32,3,
frag_rate_pct,70,random,38.11,0.5,3,48
frag_rate_pct,75,bestfit,29.08,0.91,3,
frag_rate_pct,75,dotprod,37.75,1.43,3,
frag_rate_pct,75,fgd,26.37,0.13,3,
frag_rate_pct,75,gpuclustering,42.43,1.9,3,
frag_rate_pct,75,gpupacking,29.62,0.43,3,
frag_rate_pct,75,random,42.74,0.47,3,62
frag_rate_pct,80,bestfit,33.7,1.29,3,
frag_rate_pct,80,dotprod,44.79,1.85,3,
frag_rate_pct,80,fgd,30.26,0.17,3,30
frag_rate_pct,80,gpuclustering,50.93,1.92,3,45
frag_rate_pct,80,gpupacking,34.33,0.56,3,
frag_rate_pct,80,random,49.73,1.06,3,76
frag_rate_pct,85,bestfit,41.39,1.74,3,
frag_rate_pct,85,dotprod,53.82,1.91,3,
frag_rate_pct,85,fgd,36.73,0.31,3,37
frag_rate_pct,85,gpuclustering,58.84,2.22,3,58
frag_rate_pct,85,gpupacking,42.28,0.88,3,
frag_rate_pct,85,random,60.59,1.99,3,94
frag_rate_pct,90,bestfit,57.01,2.85,3,
frag_rate_pct,90,dotprod,66.75,3.58,3,
frag_rate_pct,90,fgd,49.64,0.4,3,48
frag_rate_pct,90,gpuclustering,67.99,3.38,3,98
frag_rate_pct,90,gpupacking,58.32,1.51,3,
frag_rate_pct,90,random,78.1,3.77,3,
frag_rate_pct,95,bestfit,98.82,1.4,3,
frag_rate_pct,95,dotprod,92.94,4.52,3,
frag_rate_pct,95,fgd,88.07,0.19,3,100
frag_rate_pct,95,gpuclustering,82.68,3.87,3,
frag_rate_pct,95,gpupacking,99.81,0.01,3,
frag_rate_pct,95,random,96.77,0.28,3,99
frag_rate_pct,100,bestfit,99.8,0.01,3,
frag_rate_pct,100,dotprod,96.84,0.41,3,
frag_rate_pct,100,fgd,99.78,0.01,3,
frag_rate_pct,100,gpuclustering,96.56,0.16,3,99
frag_rate_pct,100,gpupacking,99.82,0.01,3,
frag_rate_pct,100,random,97.8,0.22,3,98
frag_rate_pct,105,bestfit,99.8,0.01,3,
frag_rate_pct,105,dotprod,97.62,0.4,3,
frag_rate_pct,105,fgd,99.78,0.01,3,
frag_rate_pct,105,gpuclustering,97.37,0.19,3,99
frag_rate_pct,105,gpupacking,99.82,0.01,3,
frag_rate_pct,105,random,98.56,0.23,3,98
frag_rate_pct,110,bestfit,99.8,0.01,3,
frag_rate_pct,110,dotprod,98.41,0.34,3,
frag_rate_pct,110,fgd,99.77,0.01,3,99
frag_rate_pct,110,gpuclustering,98.3,0.22,3,97
frag_rate_pct,110,gpupacking,99.82,0.01,3,
frag_rate_pct,110,random,99.18,0.1,3,98
frag_rate_pct,115,bestfit,99.8,0.01,3,
frag_rate_pct,115,dotprod,99.16,0.07,3,
frag_rate_pct,115,fgd,99.77,0.01,3,
frag_rate_pct,115,gpuclustering,99.09,0.3,3,
frag_rate_pct,115,gpupacking,99.82,0.01,3,
frag_rate_pct,115,random,99.33,0.06,3,
frag_rate_pct,120,bestfit,99.8,0.01,3,
frag_rate_pct,120,dotprod,99.26,0.07,3,
frag_rate_pct,120,fgd,99.77,0.0,3,97
frag_rate_pct,120,gpuclustering,99.41,0.08,3,97
frag_rate_pct,120,gpupacking,99.82,0.01,3,
frag_rate_pct,120,random,99.42,0.06,3,98
occupied_nodes,0,bestfit,6.0,0.0,3,
occupied_nodes,0,dotprod,9.0,0.0,3,
occupied_nodes,0,fgd,8.0,0.82,3,0
occupied_nodes,0,gpuclustering,10.0,0.0,3,0
occupied_nodes,0,gpupacking,6.67,0.47,3,
occupied_nodes,0,random,10.0,0.0,3,0
occupied_nodes,5,bestfit,137.82,5.85,3,
occupied_nodes,5,dotprod,237.63,10.98,3,
occupied_nodes,5,fgd,180.41,3.2,3,
occupied_nodes,5,gpuclustering,353.64,16.96,3,
occupied_nodes,5,gpupacking,170.53,5.37,3,
occupied_nodes,5,random,311.58,12.48,3,
occupied_nodes,10,bestfit,256.85,3.72,3,
occupied_nodes,10,dotprod,449.03,11.84,3,
occupied_nodes,10,fgd,335.09,5.96,3,120
occupied_nodes,10,gpuclustering,617.0,0.0,3,351
occupied_nodes,10,gpupacking,326.65,5.68,3,
occupied_nodes,10,random,554.59,11.77,3,520
occupied_nodes,15,bestfit,376.22,2.86,3,
occupied_nodes,15,dotprod,665.51,13.27,3,
occupied_nodes,15,fgd,478.84,6.0,3,
occupied_nodes,15,gpuclustering,617.0,0.0,3,
occupied_nodes,15,gpupacking,487.23,8.25,3,
occupied_nodes,15,random,733.82,13.51,3,
occupied_nodes,20,bestfit,498.29,5.34,3,
occupied_nodes,20,dotprod,707.35,4.26,3,
occupied_nodes,20,fgd,601.04,1.1,3,258
occupied_nodes,20,gpuclustering,617.0,0.0,3,604
occupied_nodes,20,gpupacking,602.37,2.45,3,
occupied_nodes,20,random,869.96,6.44,3,849
occupied_nodes,25,bestfit,616.72,8.66,3,
occupied_nodes,25,dotprod,719.06,2.86,3,
occupied_nodes,25,fgd,645.22,0.53,3,
occupied_nodes,25,gpuclustering,617.0,0.0,3,
occupied_nodes,25,gpupacking,645.16,1.18,3,
occupied_nodes,25,random,978.17,8.24,3,
occupied_nodes,30,bestfit,685.41,1.63,3,
occupied_nodes,30,dotprod,726.57,1.15,3,
occupied_nodes,30,fgd,685.96,0.99,3,402
occupied_nodes,30,gpuclustering,617.0,0.0,3,699
occupied_nodes,30,gpupacking,685.7,0.57,3,
occupied_nodes,30,random,1056.87,1.98,3,1075
occupied_nodes,35,bestfit,726.1,1.43,3,
occupied_nodes,35,dotprod,735.33,3.4,3,
occupied_nodes,35,fgd,726.79,1.01,3,
occupied_nodes,35,gpuclustering,617.0,0.0,3,
occupied_nodes,35,gpupacking,726.79,0.73,3,
occupied_nodes,35,random,1110.19,1.95,3,
occupied_nodes,40,bestfit,766.8,1.5,3,
occupied_nodes,40,dotprod,740.67,3.4,3,
occupied_nodes,40,fgd,767.47,0.83,3,525
occupied_nodes,40,gpuclustering,617.0,0.0,3,780
occupied_nodes,40,gpupacking,767.92,0.74,3,
occupied_nodes,40,random,1145.79,5.52,3,1177
occupied_nodes,45,bestfit,808.05,1.09,3,
occupied_nodes,45,dotprod,745.86,3.92,3,
occupied_nodes,45,fgd,808.05,0.91,3,
occupied_nodes,45,gpuclustering,617.0,0.0,3,
occupied_nodes,45,gpupacking,808.86,0.54,3,
occupied_nodes,45,random,1169.19,5.49,3,
occupied_nodes,50,bestfit,848.94,1.54,3,
occupied_nodes,50,dotprod,754.65,1.74,3,
occupied_nodes,50,fgd,847.94,1.42,3,661
occupied_nodes,50,gpuclustering,671.0,0.0,3,880
occupied_nodes,50,gpupacking,849.47,0.51,3,
occupied_nodes,50,random,1185.65,3.49,3,1204
occupied_nodes,55,bestfit,889.16,1.26,3,
occupied_nodes,55,dotprod,759.0,1.41,3,
occupied_nodes,55,fgd,889.16,1.26,3,
occupied_nodes,55,gpuclustering,671.0,0.0,3,
occupied_nodes,55,gpupacking,890.35,0.42,3,
occupied_nodes,55,random,1196.33,2.36,3,
occupied_nodes,60,bestfit,929.92,1.25,3,
occupied_nodes,60,dotprod,764.0,2.16,3,
occupied_nodes,60,fgd,929.92,1.28,3,771
occupied_nodes,60,gpuclustering,671.0,0.0,3,960
occupied_nodes,60,gpupacking,931.13,0.38,3,
occupied_nodes,60,random,1201.33,3.86,3,1211
occupied_nodes,65,bestfit,971.1,1.58,3,
occupied_nodes,65,dotprod,770.45,1.75,3,
occupied_nodes,65,fgd,970.48,1.19,3,
occupied_nodes,65,gpuclustering,671.0,0.0,3,
occupied_nodes,65,gpupacking,972.1,0.6,3,
occupied_nodes,65,random,1205.67,2.62,3,
occupied_nodes,70,bestfit,1011.58,1.49,3,
occupied_nodes,70,dotprod,811.51,27.93,3,
occupied_nodes,70,fgd,1010.92,1.62,3,907
occupied_nodes,70,gpuclustering,690.83,28.05,3,1040
occupied_nodes,70,gpupacking,1012.92,0.98,3,
occupied_nodes,70,random,1209.67,0.94,3,1225
occupied_nodes,75,bestfit,1052.72,2.08,3,
occupied_nodes,75,dotprod,1068.8,57.0,3,
occupied_nodes,75,fgd,1051.61,2.09,3,
occupied_nodes,75,gpuclustering,964.24,62.71,3,
occupied_nodes,75,gpupacking,1053.72,1.08,3,
occupied_nodes,75,random,1211.0,0.0,3,
occupied_nodes,80,bestfit,1093.27,2.33,3,
occupied_nodes,80,dotprod,1158.33,3.86,3,
occupied_nodes,80,fgd,1092.27,2.02,3,1017
occupied_nodes,80,gpuclustering,1189.0,0.0,3,1100
occupied_nodes,80,gpupacking,1094.27,1.36,3,
occupied_nodes,80,random,1211.67,0.94,3,1225
occupied_nodes,85,bestfit,1133.93,2.29,3,
occupied_nodes,85,dotprod,1162.33,2.87,3,
occupied_nodes,85,fgd,1133.07,2.69,3,
occupied_nodes,85,gpuclustering,1189.0,0.0,3,
occupied_nodes,85,gpupacking,1134.93,1.18,3,
occupied_nodes,85,random,1212.33,0.94,3,
occupied_nodes,90,bestfit,1174.52,2.64,3,
occupied_nodes,90,dotprod,1166.67,3.09,3,
occupied_nodes,90,fgd,1173.19,2.45,3,1146
occupied_nodes,90,gpuclustering,1189.0,0.0,3,1170
occupied_nodes,90,gpupacking,1175.85,1.18,3,
occupied_nodes,90,random,1212.67,0.47,3,1200
occupied_nodes,95,bestfit,1212.68,0.45,3,
occupied_nodes,95,dotprod,1204.42,12.14,3,
occupied_nodes,95,fgd,1212.37,0.45,3,1208
occupied_nodes,95,gpuclustering,1201.02,4.29,3,1208
occupied_nodes,95,gpupacking,1213.0,0.0,3,
occupied_nodes,95,random,1213.0,0.0,3,1201
occupied_nodes,100,bestfit,1213.0,0.0,3,
occupied_nodes,100,dotprod,1213.0,0.0,3,
occupied_nodes,100,fgd,1213.0,0.0,3,
occupied_nodes,100,gpuclustering,1213.0,0.0,3,
occupied_nodes,100,gpupacking,1213.0,0.0,3,
occupied_nodes,100,random,1213.0,0.0,3,
occupied_nodes,105,bestfit,1213.0,0.0,3,
occupied_nodes,105,dotprod,1213.0,0.0,3,
occupied_nodes,105,fgd,1213.0,0.0,3,
occupied_nodes,105,gpuclustering,1213.0,0.0,3,
occupied_nodes,105,gpupacking,1213.0,0.0,3,
occupied_nodes,105,random,1213.0,0.0,3,
occupied_nodes,110,bestfit,1213.0,0.0,3,
occupied_nodes,110,dotprod,1213.0,0.0,3,
occupied_nodes,110,fgd,1213.0,0.0,3,
occupied_nodes,110,gpuclustering,1213.0,0.0,3,
occupied_nodes,110,gpupacking,1213.0,0.0,3,
occupied_nodes,110,random,1213.0,0.0,3,
occupied_nodes,115,bestfit,1213.0,0.0,3,
occupied_nodes,115,dotprod,1213.0,0.0,3,
occupied_nodes,115,fgd,1213.0,0.0,3,
occupied_nodes,115,gpuclustering,1213.0,0.0,3,
occupied_nodes,115,gpupacking,1213.0,0.0,3,
occupied_nodes,115,random,1213.0,0.0,3,
occupied_nodes,120,bestfit,1213.0,0.0,3,
occupied_nodes,120,dotprod,1213.0,0.0,3,
occupied_nodes,120,fgd,1213.0,0.0,3,
occupied_nodes,120,gpuclustering,1213.0,0.0,3,
occupied_nodes,120,gpupacking,1213.0,0.0,3,
occupied_nodes,120,random,1213.0,0.0,3,
unalloc_gpu_pct,0,bestfit,99.87,0.01,3,
unalloc_gpu_pct,0,dotprod,99.87,0.01,3,
unalloc_gpu_pct,0,fgd,99.87,0.01,3,
unalloc_gpu_pct,0,gpuclustering,99.87,0.01,3,
unalloc_gpu_pct,0,gpupacking,99.87,0.01,3,
unalloc_gpu_pct,0,random,99.87,0.01,3,
unalloc_gpu_pct,5,bestfit,95.0,0.0,3,
unalloc_gpu_pct,5,dotprod,95.0,0.0,3,
unalloc_gpu_pct,5,fgd,95.0,0.0,3,
unalloc_gpu_pct,5,gpuclustering,95.0,0.0,3,
unalloc_gpu_pct,5,gpupacking,95.0,0.0,3,
unalloc_gpu_pct,5,random,95.0,0.0,3,
unalloc_gpu_pct,10,bestfit,90.0,0.0,3,
unalloc_gpu_pct,10,dotprod,90.0,0.0,3,
unalloc_gpu_pct,10,fgd,90.0,0.0,3,
unalloc_gpu_pct,10,gpuclustering,90.09,0.06,3,
unalloc_gpu_pct,10,gpupacking,90.0,0.0,3,
unalloc_gpu_pct,10,random,90.0,0.0,3,
unalloc_gpu_pct,15,bestfit,85.0,0.0,3,
unalloc_gpu_pct,15,dotprod,85.0,0.0,3,
unalloc_gpu_pct,15,fgd,85.0,0.0,3,
unalloc_gpu_pct,15,gpuclustering,85.34,0.06,3,
unalloc_gpu_pct,15,gpupacking,85.0,0.0,3,
unalloc_gpu_pct,15,random,85.0,0.0,3,
unalloc_gpu_pct,20,bestfit,80.0,0.0,3,
unalloc_gpu_pct,20,dotprod,80.0,0.0,3,
unalloc_gpu_pct,20,fgd,80.0,0.0,3,
unalloc_gpu_pct,20,gpuclustering,80.6,0.06,3,
unalloc_gpu_pct,20,gpupacking,80.0,0.0,3,
unalloc_gpu_pct,20,random,80.0,0.0,3,
unalloc_gpu_pct,25,bestfit,75.0,0.0,3,
unalloc_gpu_pct,25,dotprod,75.0,0.0,3,
unalloc_gpu_pct,25,fgd,75.0,0.0,3,
unalloc_gpu_pct,25,gpuclustering,75.91,0.2,3,
unalloc_gpu_pct,25,gpupacking,75.0,0.0,3,
unalloc_gpu_pct,25,random,75.0,0.0,3,
unalloc_gpu_pct,30,bestfit,70.0,0.0,3,
unalloc_gpu_pct,30,dotprod,70.0,0.0,3,
unalloc_gpu_pct,30,fgd,70.0,0.0,3,
unalloc_gpu_pct,30,gpuclustering,71.17,0.02,3,
unalloc_gpu_pct,30,gpupacking,70.0,0.0,3,
unalloc_gpu_pct,30,random,70.0,0.0,3,
unalloc_gpu_pct,35,bestfit,65.0,0.0,3,
unalloc_gpu_pct,35,dotprod,65.04,0.06,3,
unalloc_gpu_pct,35,fgd,65.0,0.0,3,
unalloc_gpu_pct,35,gpuclustering,66.59,0.26,3,
unalloc_gpu_pct,35,gpupacking,65.0,0.0,3,
unalloc_gpu_pct,35,random,65.0,0.0,3,
unalloc_gpu_pct,40,bestfit,60.0,0.0,3,
unalloc_gpu_pct,40,dotprod,60.09,0.06,3,
unalloc_gpu_pct,40,fgd,60.0,0.0,3,
unalloc_gpu_pct,40,gpuclustering,61.97,0.44,3,
unalloc_gpu_pct,40,gpupacking,60.0,0.0,3,
unalloc_gpu_pct,40,random,60.0,0.0,3,
unalloc_gpu_pct,45,bestfit,55.0,0.0,3,
unalloc_gpu_pct,45,dotprod,55.17,0.06,3,
unalloc_gpu_pct,45,fgd,55.0,0.0,3,
unalloc_gpu_pct,45,gpuclustering,57.23,0.47,3,
unalloc_gpu_pct,45,gpupacking,55.0,0.0,3,
unalloc_gpu_pct,45,random,55.04,0.06,3,
unalloc_gpu_pct,50,bestfit,50.0,0.0,3,
unalloc_gpu_pct,50,dotprod,50.3,0.16,3,
unalloc_gpu_pct,50,fgd,50.0,0.0,3,
unalloc_gpu_pct,50,gpuclustering,52.87,0.47,3,
unalloc_gpu_pct,50,gpupacking,50.0,0.0,3,
unalloc_gpu_pct,50,random,50.13,0.11,3,
unalloc_gpu_pct,55,bestfit,45.0,0.0,3,
unalloc_gpu_pct,55,dotprod,45.39,0.18,3,
unalloc_gpu_pct,55,fgd,45.0,0.0,3,
unalloc_gpu_pct,55,gpuclustering,48.16,0.52,3,
unalloc_gpu_pct,55,gpupacking,45.0,0.0,3,
unalloc_gpu_pct,55,random,45.13,0.11,3,
unalloc_gpu_pct,60,bestfit,40.0,0.0,3,
unalloc_gpu_pct,60,dotprod,40.56,0.32,3,
unalloc_gpu_pct,60,fgd,40.0,0.0,3,
unalloc_gpu_pct,60,gpuclustering,43.39,0.61,3,
unalloc_gpu_pct,60,gpupacking,40.0,0.0,3,
unalloc_gpu_pct,60,random,40.17,0.12,3,
unalloc_gpu_pct,65,bestfit,35.0,0.0,3,
unalloc_gpu_pct,65,dotprod,35.82,0.42,3,
unalloc_gpu_pct,65,fgd,35.0,0.0,3,
unalloc_gpu_pct,65,gpuclustering,38.78,0.66,3,
unalloc_gpu_pct,65,gpupacking,35.0,0.0,3,
unalloc_gpu_pct,65,random,35.39,0.18,3,
unalloc_gpu_pct,70,bestfit,30.0,0.0,3,
unalloc_gpu_pct,70,dotprod,31.16,0.63,3,
unalloc_gpu_pct,70,fgd,30.0,0.0,3,
unalloc_gpu_pct,70,gpuclustering,34.25,0.84,3,
unalloc_gpu_pct,70,gpupacking,30.0,0.0,3,
unalloc_gpu_pct,70,random,30.73,0.4,3,
unalloc_gpu_pct,75,bestfit,25.0,0.0,3,25.0
unalloc_gpu_pct,75,dotprod,26.5,0.53,3,25.0
unalloc_gpu_pct,75,fgd,25.0,0.0,3,25.0
unalloc_gpu_pct,75,gpuclustering,29.7,0.71,3,25.0
unalloc_gpu_pct,75,gpupacking,25.0,0.0,3,25.0
unalloc_gpu_pct,75,random,26.07,0.37,3,25.0
unalloc_gpu_pct,80,bestfit,20.0,0.0,3,20.0
unalloc_gpu_pct,80,dotprod,21.76,0.58,3,22.0
unalloc_gpu_pct,80,fgd,20.0,0.0,3,20.0
unalloc_gpu_pct,80,gpuclustering,24.99,0.72,3,21.0
unalloc_gpu_pct,80,gpupacking,20.0,0.0,3,20.0
unalloc_gpu_pct,80,random,21.33,0.53,3,23.0
unalloc_gpu_pct,85,bestfit,15.0,0.0,3,13.0
unalloc_gpu_pct,85,dotprod,16.93,0.55,3,17.0
unalloc_gpu_pct,85,fgd,15.0,0.0,3,12.5
unalloc_gpu_pct,85,gpuclustering,20.19,0.66,3,15.0
unalloc_gpu_pct,85,gpupacking,15.0,0.0,3,13.0
unalloc_gpu_pct,85,random,16.5,0.54,3,20.5
unalloc_gpu_pct,90,bestfit,10.0,0.0,3,8.0
unalloc_gpu_pct,90,dotprod,12.46,0.63,3,13.0
unalloc_gpu_pct,90,fgd,10.0,0.0,3,7.5
unalloc_gpu_pct,90,gpuclustering,15.84,0.77,3,9.5
unalloc_gpu_pct,90,gpupacking,10.0,0.0,3,8.0
unalloc_gpu_pct,90,random,12.03,0.56,3,18.0
unalloc_gpu_pct,95,bestfit,5.25,0.27,3,7.0
unalloc_gpu_pct,95,dotprod,8.13,0.44,3,10.5
unalloc_gpu_pct,95,fgd,5.09,0.13,3,5.5
unalloc_gpu_pct,95,gpuclustering,11.35,0.68,3,7.5
unalloc_gpu_pct,95,gpupacking,5.34,0.18,3,7.0
unalloc_gpu_pct,95,random,8.75,0.13,3,15.5
unalloc_gpu_pct,100,bestfit,5.15,0.33,3,6.5
unalloc_gpu_pct,100,dotprod,6.79,0.22,3,10.0
unalloc_gpu_pct,100,fgd,4.62,0.17,3,5.0
unalloc_gpu_pct,100,gpuclustering,8.6,0.11,3,7.0
unalloc_gpu_pct,100,gpupacking,5.3,0.17,3,6.5
unalloc_gpu_pct,100,random,8.14,0.12,3,13.0
unalloc_gpu_pct,105,bestfit,5.13,0.32,3,6.5
unalloc_gpu_pct,105,dotprod,6.31,0.18,3,10.0
unalloc_gpu_pct,105,fgd,4.59,0.17,3,5.0
unalloc_gpu_pct,105,gpuclustering,7.99,0.12,3,7.0
unalloc_gpu_pct,105,gpupacking,5.28,0.17,3,6.5
unalloc_gpu_pct,105,random,7.64,0.11,3,12.0
unalloc_gpu_pct,110,bestfit,5.1,0.29,3,6.5
unalloc_gpu_pct,110,dotprod,5.89,0.2,3,10.0
unalloc_gpu_pct,110,fgd,4.55,0.13,3,5.0
unalloc_gpu_pct,110,gpuclustering,7.38,0.07,3,7.0
unalloc_gpu_pct,110,gpupacking,5.24,0.13,3,6.5
unalloc_gpu_pct,110,random,7.2,0.14,3,11.5
unalloc_gpu_pct,115,bestfit,5.05,0.27,3,6.5
unalloc_gpu_pct,115,dotprod,5.5,0.19,3,9.5
unalloc_gpu_pct,115,fgd,4.51,0.1,3,5.0
unalloc_gpu_pct,115,gpuclustering,6.87,0.13,3,7.0
unalloc_gpu_pct,115,gpupacking,5.21,0.12,3,6.5
unalloc_gpu_pct,115,random,6.94,0.17,3,11.0
unalloc_gpu_pct,120,bestfit,5.03,0.27,3,6.5
unalloc_gpu_pct,120,dotprod,5.33,0.19,3,9.5
unalloc_gpu_pct,120,fgd,4.48,0.1,3,5.0
unalloc_gpu_pct,120,gpuclustering,6.59,0.08,3,7.0
unalloc_gpu_pct,120,gpupacking,5.2,0.11,3,6.5
unalloc_gpu_pct,120,random,6.75,0.16,3,10.5
