scheduler,arrived_workload_pct,frag_rate,frag_total_pct,run
Random,0.0,13.87256834904882,13.87256834904882,0
Random,2.0,18.529727482757675,18.15863898266317,0
Random,4.0,20.01767452941333,19.216825250923673,0
Random,6.0,21.372379668128684,20.08901137844258,0
Random,8.0,22.752061000076978,20.931289614090755,0
Random,10.0,23.607905307387295,21.245730271805627,0
Random,12.0,24.413832299443982,21.48187291558136,0
Random,14.0,25.049231561160084,21.540068819495488,0
Random,16.0,25.815474099366888,21.683300762498455,0
Random,18.0,26.584481335057742,21.798849494228442,0
Random,20.0,27.45996325303813,21.966262589788176,0
Random,22.0,28.369057862985898,22.127209725714394,0
Random,24.0,29.44144455569628,22.372672488229306,0
Random,26.0,30.41929325304767,22.507249674001038,0
Random,28.0,31.409997491771964,22.611458244134564,0
Random,30.0,32.601036901528424,22.81835042230331,0
Random,32.0,33.58581866393122,22.837401701072277,0
Random,34.0,34.53139947139237,22.78691887634161,0
Random,36.0,35.462375008952016,22.69541583121345,0
Random,38.0,36.530834870222066,22.64561190586613,0
Random,40.0,37.67001304149824,22.59531331396214,0
Random,42.0,38.844591092062906,22.526687338123292,0
Random,44.0,40.208459045141396,22.51016308583695,0
Random,46.0,41.71783489610783,22.524813574081197,0
Random,48.0,43.22178972153204,22.468878495366198,0
Random,50.0,44.72937940330948,22.362304982653338,0
Random,52.0,46.36177487743272,22.24739017665611,0
Random,54.0,48.64414264550416,22.374403766677457,0
Random,56.0,50.55239214420225,22.23694349303884,0
Random,58.0,53.19057833874755,22.338719518416276,0
Random,60.0,56.00810933259994,22.39727165811563,0
Random,62.0,58.98382313308399,22.41322385341401,0
Random,64.0,62.20257368782396,22.38717828906728,0
Random,66.0,65.59234207776345,22.289972724560116,0
Random,68.0,69.68868032218433,22.294928437177315,0
Random,70.0,74.1750706613464,22.240657405335735,0
Random,72.0,79.71496687680163,22.315090780938053,0
Random,74.0,85.37313794705426,22.18457478339848,0
Random,76.0,90.40974913415822,22.031250757554346,0
Random,78.0,91.67958934835083,21.868197054088668,0
Random,80.0,92.78470824490502,21.802015504072124,0
Random,82.0,93.89012853604267,21.611248352564942,0
Random,84.0,94.60254439700026,21.42217204028045,0
Random,86.0,95.20421218358118,21.287709217946016,0
Random,88.0,95.83163849526318,21.12144980661556,0
Random,90.0,96.27843500534591,20.877722835173877,0
Random,92.0,96.2708044968471,20.82474199992227,0
Random,94.0,96.2708044968471,20.82474199992227,0
Random,96.0,96.2708044968471,20.82474199992227,0
Random,98.0,96.26825262860443,20.807081721505067,0
Random,100.0,96.26313628199767,20.771761164670675,0
Random,102.0,96.26313628199767,20.771761164670675,0
Random,104.0,96.26313628199767,20.771761164670675,0
Random,106.0,96.26313628199767,20.771761164670675,0
Random,108.0,96.26313628199767,20.771761164670675,0
Clustering,0.0,13.87256834904882,13.87256834904882,0
Clustering,2.0,22.17164840073194,21.727624398905306,0
Clustering,4.0,22.65951113497765,21.752969612548988,0
Clustering,6.0,22.97381733076725,21.59428593963648,0
Clustering,8.0,24.421184979710798,22.466839181201205,0
Clustering,10.0,25.6058745935413,23.04378545680744,0
Clustering,12.0,25.612209221821047,22.536331733669307,0
Clustering,14.0,26.113218950973287,22.455001540832413,0
Clustering,16.0,27.049523910468555,22.719821459620874,0
Clustering,18.0,27.987204254181915,22.949059852320605,0
Clustering,20.0,29.030878893906493,23.22289739136246,0
Clustering,22.0,30.04692917557017,23.435910585842404,0
Clustering,24.0,31.18038941733255,23.69410370370103,0
Clustering,26.0,32.362410745310335,23.94496323889106,0
Clustering,28.0,33.5901297087501,24.180893854685205,0
Clustering,30.0,34.94977642345804,24.462296951488405,0
Clustering,32.0,35.92229341071718,24.42613809278232,0
Clustering,34.0,36.584283840785616,24.141596367088177,0
Clustering,36.0,37.40100705990807,23.936112781969246,0
Clustering,38.0,38.22730365754623,23.697259750889067,0
Clustering,40.0,39.135063431562436,23.47408318717071,0
Clustering,42.0,40.11401003211579,23.262846549991163,0
Clustering,44.0,41.08112635059244,22.998714098033822,0
Clustering,46.0,42.04492748178892,22.70142148128152,0
Clustering,48.0,43.22406471422813,22.470061151956664,0
Clustering,50.0,44.396386978839274,22.195826523701918,0
Clustering,52.0,45.66100390266556,21.911114757060172,0
Clustering,54.0,47.031608369955855,21.632701045516228,0
Clustering,56.0,48.65120711887793,21.400651832352363,0
Clustering,58.0,50.26611666338836,21.110518375496625,0
Clustering,60.0,52.15017884355066,20.85451082881776,0
Clustering,62.0,54.17952676620549,20.58764246161372,0
Clustering,64.0,56.644244128494734,20.386693301764232,0
Clustering,66.0,59.134273944104486,20.095354298190227,0
Clustering,68.0,62.02413053767059,19.84287183115592,0
Clustering,70.0,65.2821909734479,19.57421585398988,0
Clustering,72.0,68.9138704943796,19.291474818330634,0
Clustering,74.0,73.2644189009551,19.038072386169585,0
Clustering,76.0,78.35594577708711,18.801527987954977,0
Clustering,78.0,84.22288453588048,18.517958547679225,0
Clustering,80.0,91.27777632902291,18.252310987278516,0
Clustering,82.0,98.21498691907522,18.033716809096877,0
Clustering,84.0,98.21498691907522,18.033716809096877,0
Clustering,86.0,98.21386368740066,18.016056530679673,0
Clustering,88.0,98.21386368740066,18.016056530679673,0
Clustering,90.0,98.21386368740066,18.016056530679673,0
Clustering,92.0,98.21386368740066,18.016056530679673,0
Clustering,94.0,98.21386368740066,18.016056530679673,0
Clustering,96.0,98.21386368740066,18.016056530679673,0
Clustering,98.0,98.21273827723174,17.998396252262474,0
Clustering,100.0,98.21048089601071,17.96307569542808,0
Clustering,102.0,98.21048089601071,17.96307569542808,0
Clustering,104.0,98.21048089601071,17.96307569542808,0
Clustering,106.0,98.21048089601071,17.96307569542808,0
Clustering,108.0,98.21048089601071,17.96307569542808,0
FGD-Full,0.0,13.87256834904882,13.87256834904882,0
FGD-Full,2.0,14.608215093124393,14.315661377317715,0
FGD-Full,4.0,15.086601183328074,14.483029891628977,0
FGD-Full,6.0,15.531892929243524,14.599234087611729,0
FGD-Full,8.0,16.04942856140675,14.765046443850835,0
FGD-Full,10.0,16.43581144524881,14.79126640916946,0
FGD-Full,12.0,16.983937454488533,14.94426526440149,0
FGD-Full,14.0,17.599844797399985,15.134271373667533,0
FGD-Full,16.0,18.351983347290325,15.414459288098751,0
FGD-Full,18.0,19.080960732865943,15.646082614089218,0
FGD-Full,20.0,19.906968841661367,15.924336857744473,0
FGD-Full,22.0,20.709841163925617,16.153197650539898,0
FGD-Full,24.0,21.59912368119408,16.413261218822147,0
FGD-Full,26.0,22.52206682940975,16.664088053829936,0
FGD-Full,28.0,23.47712073002142,16.900731533596723,0
FGD-Full,30.0,24.547493214541625,17.181456646621637,0
FGD-Full,32.0,25.14934371324128,17.100838620153493,0
FGD-Full,34.0,25.481652128094765,16.815082758493233,0
FGD-Full,36.0,25.836557813244536,16.535029677813426,0
FGD-Full,38.0,26.217785510032254,16.25251100339336,0
FGD-Full,40.0,26.62442352850949,15.96992256858453,0
FGD-Full,42.0,27.052226176837298,15.688079697930583,0
FGD-Full,44.0,27.53634428961916,15.415850680852708,0
FGD-Full,46.0,28.04769953627448,15.143863645123343,0
FGD-Full,48.0,28.95955458855255,15.054645296327319,0
FGD-Full,50.0,31.407698445517063,15.702174740879418,0
FGD-Full,52.0,34.63619267034999,16.620694410605818,0
FGD-Full,54.0,39.19900275493537,18.03000869563243,0
FGD-Full,56.0,46.15853074927199,20.328784592650756,0
FGD-Full,58.0,59.19338541480417,24.94390536619579,0
FGD-Full,60.0,73.67703356427852,29.85576185058965,0
FGD-Full,62.0,90.43977285267391,35.2179900968152,0
FGD-Full,64.0,95.66930899515359,36.71035578147072,0
FGD-Full,66.0,98.11751234574261,37.126676254941415,0
FGD-Full,68.0,98.86539427500726,37.23396899726241,0
FGD-Full,70.0,98.86515398023879,37.21630871884521,0
FGD-Full,72.0,98.8646727094011,37.18098816201081,0
FGD-Full,74.0,98.8646727094011,37.18098816201081,0
FGD-Full,76.0,98.8646727094011,37.18098816201081,0
FGD-Full,78.0,98.86443173268772,37.163327883593624,0
FGD-Full,80.0,98.86443173268772,37.163327883593624,0
FGD-Full,82.0,98.86443173268772,37.163327883593624,0
FGD-Full,84.0,98.86443173268772,37.163327883593624,0
FGD-Full,86.0,98.86419052801412,37.14566760517642,0
FGD-Full,88.0,98.86419052801412,37.14566760517642,0
FGD-Full,90.0,98.86419052801412,37.14566760517642,0
FGD-Full,92.0,98.86419052801412,37.14566760517642,0
FGD-Full,94.0,98.86419052801412,37.14566760517642,0
FGD-Full,96.0,98.86419052801412,37.14566760517642,0
FGD-Full,98.0,98.86394909505673,37.128007326759224,0
FGD-Full,100.0,98.86346554299298,37.092686769924825,0
FGD-Full,102.0,98.86346554299298,37.092686769924825,0
FGD-Full,104.0,98.86346554299298,37.092686769924825,0
FGD-Full,106.0,98.86346554299298,37.092686769924825,0
FGD-Full,108.0,98.86346554299298,37.092686769924825,0
FGD-2000,0.0,13.87256834904882,13.87256834904882,0
FGD-2000,2.0,18.59068686308104,18.21837755037434,0
FGD-2000,4.0,21.415407412080782,20.558638882383313,0
FGD-2000,6.0,22.78529811459714,21.417086922142683,0
FGD-2000,8.0,24.328782321529737,22.381831198869694,0
FGD-2000,10.0,25.763473556996765,23.18561528139772,0
FGD-2000,12.0,26.604482606167874,23.40943885092174,0
FGD-2000,14.0,27.27722749947801,23.45594339328226,0
FGD-2000,16.0,28.210179580226562,23.69469590400226,0
FGD-2000,18.0,29.159122472271555,23.910014047127177,0
FGD-2000,20.0,30.232325825969692,24.183980206885753,0
FGD-2000,22.0,31.282595598763336,24.39970184845929,0
FGD-2000,24.0,32.44860990173475,24.657829565953403,0
FGD-2000,26.0,33.66487691252304,24.9086585809733,0
FGD-2000,28.0,34.92980406906734,25.14529988072791,0
FGD-2000,30.0,36.3070475785065,25.41228786519853,0
FGD-2000,32.0,37.285522334030865,25.35309499812849,0
FGD-2000,34.0,38.004766592980545,25.078958470420375,0
FGD-2000,36.0,38.74915045764452,24.798905389740455,0
FGD-2000,38.0,39.54868070841898,24.51638671532027,0
FGD-2000,40.0,40.40163039951326,24.23379828051133,0
FGD-2000,42.0,41.302296240275425,23.951955409857273,0
FGD-2000,44.0,42.272551942898964,23.66571763471129,0
FGD-2000,46.0,43.31306680541239,23.386131076631244,0
FGD-2000,48.0,44.463406174252135,23.11433370195885,0
FGD-2000,50.0,45.69833409775615,22.846730670660694,0
FGD-2000,52.0,47.21372224787641,22.706553251679978,0
FGD-2000,54.0,50.68868997454299,23.576051075417453,0
FGD-2000,56.0,60.99247543644879,27.403798897890503,0
FGD-2000,58.0,77.3372484574459,33.46928513303221,0
FGD-2000,60.0,93.82702498534145,39.121550741177956,0
FGD-2000,62.0,94.58578715751086,39.18578052631768,0
FGD-2000,64.0,94.58373214099038,39.16812024790048,0
FGD-2000,66.0,94.58373214099038,39.16812024790048,0
FGD-2000,68.0,94.58167535990135,39.150459969483286,0
FGD-2000,70.0,94.57961681197003,39.13279969106608,0
FGD-2000,72.0,94.57549440646609,39.09747913423168,0
FGD-2000,74.0,94.57549440646609,39.09747913423168,0
FGD-2000,76.0,94.57549440646609,39.09747913423168,0
FGD-2000,78.0,94.57343054432646,39.07981885581448,0
FGD-2000,80.0,94.57343054432646,39.07981885581448,0
FGD-2000,82.0,94.57343054432646,39.07981885581448,0
FGD-2000,84.0,94.57343054432646,39.07981885581448,0
FGD-2000,86.0,94.57136490621045,39.062158577397284,0
FGD-2000,88.0,94.57136490621045,39.062158577397284,0
FGD-2000,90.0,94.57136490621045,39.062158577397284,0
FGD-2000,92.0,94.57136490621045,39.062158577397284,0
FGD-2000,94.0,94.57136490621045,39.062158577397284,0
FGD-2000,96.0,94.57136490621045,39.062158577397284,0
FGD-2000,98.0,94.56929748982469,39.04449829898008,0
FGD-2000,100.0,94.5651573130508,39.00917774214568,0
FGD-2000,102.0,94.5651573130508,39.00917774214568,0
FGD-2000,104.0,94.5651573130508,39.00917774214568,0
FGD-2000,106.0,94.5651573130508,39.00917774214568,0
FGD-2000,108.0,94.5651573130508,39.00917774214568,0
