name,figure,policy,jobs_per_hr,seed,jct_sec,saturated,wall_time_sec,num_completed,multi_gpu
fig10_max_min_fairness_0.2jph_multi_s0,fig10,max_min_fairness,0.2,0,88910.2193570308,False,596.359931230545,5030,True
fig10_max_min_fairness_0.2jph_multi_s1,fig10,max_min_fairness,0.2,1,81685.00831719369,False,665.7111868858337,5017,True
fig10_max_min_fairness_0.2jph_multi_s2,fig10,max_min_fairness,0.2,2,83919.87921033821,False,602.203536272049,5012,True
fig10_max_min_fairness_0.4jph_multi_s0,fig10,max_min_fairness,0.4,0,88781.59508708706,False,437.9220952987671,5056,True
fig10_max_min_fairness_0.4jph_multi_s1,fig10,max_min_fairness,0.4,1,81613.34985106759,False,369.1671395301819,5053,True
fig10_max_min_fairness_0.4jph_multi_s2,fig10,max_min_fairness,0.4,2,83732.35456461529,False,367.597021818161,5027,True
fig10_max_min_fairness_0.6jph_multi_s0,fig10,max_min_fairness,0.6,0,88786.61465008692,False,288.1445007324219,5084,True
fig10_max_min_fairness_0.6jph_multi_s1,fig10,max_min_fairness,0.6,1,81721.84304389538,False,286.93694281578064,5088,True
fig10_max_min_fairness_0.6jph_multi_s2,fig10,max_min_fairness,0.6,2,83965.62924658705,False,287.23787546157837,5041,True
fig10_max_min_fairness_0.8jph_multi_s0,fig10,max_min_fairness,0.8,0,89197.87922512008,False,249.1264042854309,5136,True
fig10_max_min_fairness_0.8jph_multi_s1,fig10,max_min_fairness,0.8,1,82082.12537610192,False,259.52132415771484,5117,True
fig10_max_min_fairness_0.8jph_multi_s2,fig10,max_min_fairness,0.8,2,84341.67417751493,False,255.6688244342804,5059,True
fig10_max_min_fairness_1.0jph_multi_s0,fig10,max_min_fairness,1.0,0,89474.79548148475,False,237.36568593978882,5203,True
fig10_max_min_fairness_1.0jph_multi_s1,fig10,max_min_fairness,1.0,1,83035.04494659304,False,235.75241231918335,5161,True
fig10_max_min_fairness_1.0jph_multi_s2,fig10,max_min_fairness,1.0,2,84815.11029548029,False,232.76412391662598,5091,True
fig10_max_min_fairness_1.2jph_multi_s0,fig10,max_min_fairness,1.2,0,89419.2665360501,False,221.0301055908203,5266,True
fig10_max_min_fairness_1.2jph_multi_s1,fig10,max_min_fairness,1.2,1,82301.24764030948,False,217.79188585281372,5211,True
fig10_max_min_fairness_1.2jph_multi_s2,fig10,max_min_fairness,1.2,2,84467.6410281106,False,206.06014609336853,5125,True
fig10_max_min_fairness_1.4jph_multi_s0,fig10,max_min_fairness,1.4,0,89793.49192586055,False,201.54166316986084,5336,True
fig10_max_min_fairness_1.4jph_multi_s1,fig10,max_min_fairness,1.4,1,82394.44056975555,False,196.9220643043518,5263,True
fig10_max_min_fairness_1.4jph_multi_s2,fig10,max_min_fairness,1.4,2,84424.51228316927,False,195.1650152206421,5168,True
fig10_max_min_fairness_1.6jph_multi_s0,fig10,max_min_fairness,1.6,0,90021.75445148261,False,197.06458139419556,5426,True
fig10_max_min_fairness_1.6jph_multi_s1,fig10,max_min_fairness,1.6,1,82683.67834652154,False,192.50233674049377,5317,True
fig10_max_min_fairness_1.6jph_multi_s2,fig10,max_min_fairness,1.6,2,84795.35571260592,False,189.93418717384338,5205,True
fig10_max_min_fairness_1.8jph_multi_s0,fig10,max_min_fairness,1.8,0,91181.4324818926,False,200.7542245388031,5602,True
fig10_max_min_fairness_1.8jph_multi_s1,fig10,max_min_fairness,1.8,1,82739.58029431582,False,184.62076210975647,5364,True
fig10_max_min_fairness_1.8jph_multi_s2,fig10,max_min_fairness,1.8,2,85122.81412550744,False,185.6570601463318,5273,True
fig10_max_min_fairness_2.0jph_multi_s0,fig10,max_min_fairness,2.0,0,95962.11224866664,False,197.99840474128723,5938,True
fig10_max_min_fairness_2.0jph_multi_s1,fig10,max_min_fairness,2.0,1,84039.76838476521,False,177.20419001579285,5407,True
fig10_max_min_fairness_2.0jph_multi_s2,fig10,max_min_fairness,2.0,2,87808.83877020942,False,178.81929397583008,5385,True
fig10_max_min_fairness_2.2jph_multi_s0,fig10,max_min_fairness,2.2,0,103274.45515086233,False,221.35876393318176,6632,True
fig10_max_min_fairness_2.2jph_multi_s1,fig10,max_min_fairness,2.2,1,89365.87517796711,False,172.43622851371765,5445,True
fig10_max_min_fairness_2.2jph_multi_s2,fig10,max_min_fairness,2.2,2,93420.35489057169,False,189.63185691833496,5627,True
fig10_max_min_fairness_2.4jph_multi_s0,fig10,max_min_fairness,2.4,0,123808.52515294378,False,329.8272383213043,8894,True
fig10_max_min_fairness_2.4jph_multi_s1,fig10,max_min_fairness,2.4,1,115399.49969887818,False,220.74129629135132,6526,True
fig10_max_min_fairness_2.4jph_multi_s2,fig10,max_min_fairness,2.4,2,143334.85280698884,False,300.8012766838074,8035,True
fig10_max_min_fairness_2.6jph_multi_s0,fig10,max_min_fairness,2.6,0,253947.45570219267,False,666.5675916671753,13620,True
fig10_max_min_fairness_2.6jph_multi_s1,fig10,max_min_fairness,2.6,1,221267.50993474745,False,909.244836807251,14864,True
fig10_max_min_fairness_2.6jph_multi_s2,fig10,max_min_fairness,2.6,2,279570.5274170591,False,1134.9246265888214,16812,True
fig10_max_min_fairness_2.8jph_multi_s0,fig10,max_min_fairness,2.8,0,457765.1397680369,True,57600.86535859108,108587,True
fig10_max_min_fairness_2.8jph_multi_s1,fig10,max_min_fairness,2.8,1,700885.2927218889,False,14016.208274841309,56831,True
fig10_max_min_fairness_2.8jph_multi_s2,fig10,max_min_fairness,2.8,2,643168.4733249021,True,57600.307692050934,104985,True
fig10_max_min_fairness_3.0jph_multi_s0,fig10,max_min_fairness,3.0,0,1309936.3180134776,True,57600.16392683983,100167,True
fig10_max_min_fairness_3.0jph_multi_s1,fig10,max_min_fairness,3.0,1,2172690.9331312445,True,57600.280149936676,99878,True
fig10_max_min_fairness_3.0jph_multi_s2,fig10,max_min_fairness,3.0,2,96701.51311783143,True,57600.56448125839,96948,True
fig10_max_min_fairness_perf_0.2jph_multi_s0,fig10,max_min_fairness_perf,0.2,0,65769.1459013058,False,513.0169179439545,5005,True
fig10_max_min_fairness_perf_0.2jph_multi_s1,fig10,max_min_fairness_perf,0.2,1,60783.06272782934,False,516.2146708965302,5012,True
fig10_max_min_fairness_perf_0.2jph_multi_s2,fig10,max_min_fairness_perf,0.2,2,61970.62330400233,False,527.5414481163025,5008,True
fig10_max_min_fairness_perf_0.4jph_multi_s0,fig10,max_min_fairness_perf,0.4,0,65733.3854861489,False,325.09890627861023,5033,True
fig10_max_min_fairness_perf_0.4jph_multi_s1,fig10,max_min_fairness_perf,0.4,1,60709.59747698804,False,323.3052248954773,5032,True
fig10_max_min_fairness_perf_0.4jph_multi_s2,fig10,max_min_fairness_perf,0.4,2,61656.13212161975,False,319.7721848487854,5024,True
fig10_max_min_fairness_perf_0.6jph_multi_s0,fig10,max_min_fairness_perf,0.6,0,65722.1256248802,False,248.6516091823578,5057,True
fig10_max_min_fairness_perf_0.6jph_multi_s1,fig10,max_min_fairness_perf,0.6,1,60650.46183573334,False,251.60751605033875,5060,True
fig10_max_min_fairness_perf_0.6jph_multi_s2,fig10,max_min_fairness_perf,0.6,2,61813.89697289805,False,250.08933901786804,5029,True
fig10_max_min_fairness_perf_0.8jph_multi_s0,fig10,max_min_fairness_perf,0.8,0,65154.99615893122,False,125.70269823074341,5061,True
fig10_max_min_fairness_perf_0.8jph_multi_s1,fig10,max_min_fairness_perf,0.8,1,60388.793264652064,False,125.87645816802979,5081,True
fig10_max_min_fairness_perf_0.8jph_multi_s2,fig10,max_min_fairness_perf,0.8,2,61237.07319617853,False,127.17462134361267,5042,True
fig10_max_min_fairness_perf_1.0jph_multi_s0,fig10,max_min_fairness_perf,1.0,0,63947.99702520144,False,111.66776442527771,5081,True
fig10_max_min_fairness_perf_1.0jph_multi_s1,fig10,max_min_fairness_perf,1.0,1,59653.245966737595,False,112.04649519920349,5096,True
fig10_max_min_fairness_perf_1.0jph_multi_s2,fig10,max_min_fairness_perf,1.0,2,60385.67269302269,False,113.8152973651886,5056,True
fig10_max_min_fairness_perf_1.2jph_multi_s0,fig10,max_min_fairness_perf,1.2,0,63628.05925170889,False,105.50742983818054,5194,True
fig10_max_min_fairness_perf_1.2jph_multi_s1,fig10,max_min_fairness_perf,1.2,1,58798.56016424525,False,104.79520010948181,5117,True
fig10_max_min_fairness_perf_1.2jph_multi_s2,fig10,max_min_fairness_perf,1.2,2,59894.864459815275,False,104.7131118774414,5076,True
fig10_max_min_fairness_perf_1.4jph_multi_s0,fig10,max_min_fairness_perf,1.4,0,63608.20320513019,False,99.88031435012817,5307,True
fig10_max_min_fairness_perf_1.4jph_multi_s1,fig10,max_min_fairness_perf,1.4,1,58344.5400024909,False,96.6294014453888,5139,True
fig10_max_min_fairness_perf_1.4jph_multi_s2,fig10,max_min_fairness_perf,1.4,2,59515.50935846516,False,98.5855360031128,5103,True
fig10_max_min_fairness_perf_1.6jph_multi_s0,fig10,max_min_fairness_perf,1.6,0,64301.37913562532,False,99.04314541816711,5495,True
fig10_max_min_fairness_perf_1.6jph_multi_s1,fig10,max_min_fairness_perf,1.6,1,58089.40094917587,False,91.89434671401978,5177,True
fig10_max_min_fairness_perf_1.6jph_multi_s2,fig10,max_min_fairness_perf,1.6,2,59913.81165894939,False,94.00197553634644,5156,True
fig10_max_min_fairness_perf_1.8jph_multi_s0,fig10,max_min_fairness_perf,1.8,0,67053.5576864428,False,100.67325520515442,5706,True
fig10_max_min_fairness_perf_1.8jph_multi_s1,fig10,max_min_fairness_perf,1.8,1,58900.09540606798,False,89.13292407989502,5214,True
fig10_max_min_fairness_perf_1.8jph_multi_s2,fig10,max_min_fairness_perf,1.8,2,61602.256100420076,False,92.52221822738647,5223,True
fig10_max_min_fairness_perf_2.0jph_multi_s0,fig10,max_min_fairness_perf,2.0,0,72063.35382688543,False,103.08629298210144,5936,True
fig10_max_min_fairness_perf_2.0jph_multi_s1,fig10,max_min_fairness_perf,2.0,1,62516.25464680775,False,88.48224306106567,5271,True
fig10_max_min_fairness_perf_2.0jph_multi_s2,fig10,max_min_fairness_perf,2.0,2,66217.6555066945,False,94.48877668380737,5394,True
fig10_max_min_fairness_perf_2.2jph_multi_s0,fig10,max_min_fairness_perf,2.2,0,80181.12194018708,False,111.6512303352356,6450,True
fig10_max_min_fairness_perf_2.2jph_multi_s1,fig10,max_min_fairness_perf,2.2,1,69734.43455230865,False,88.23828434944153,5361,True
fig10_max_min_fairness_perf_2.2jph_multi_s2,fig10,max_min_fairness_perf,2.2,2,73113.31945035745,False,99.75532460212708,5631,True
fig10_max_min_fairness_perf_2.4jph_multi_s0,fig10,max_min_fairness_perf,2.4,0,97658.98070387074,False,136.6571228504181,7484,True
fig10_max_min_fairness_perf_2.4jph_multi_s1,fig10,max_min_fairness_perf,2.4,1,85884.80868043943,False,97.08164763450623,5739,True
fig10_max_min_fairness_perf_2.4jph_multi_s2,fig10,max_min_fairness_perf,2.4,2,91350.91808373028,False,114.72019815444946,6239,True
fig10_max_min_fairness_perf_2.6jph_multi_s0,fig10,max_min_fairness_perf,2.6,0,123478.40353630895,False,307.766437292099,9171,True
fig10_max_min_fairness_perf_2.6jph_multi_s1,fig10,max_min_fairness_perf,2.6,1,103063.86276482847,False,267.83931159973145,8215,True
fig10_max_min_fairness_perf_2.6jph_multi_s2,fig10,max_min_fairness_perf,2.6,2,117761.62916414063,False,285.3130724430084,8718,True
fig10_max_min_fairness_perf_2.8jph_multi_s0,fig10,max_min_fairness_perf,2.8,0,330752.6294894422,False,28535.991306066513,135599,True
fig10_max_min_fairness_perf_2.8jph_multi_s1,fig10,max_min_fairness_perf,2.8,1,203547.90807440405,False,3054.2902841567993,48806,True
fig10_max_min_fairness_perf_2.8jph_multi_s2,fig10,max_min_fairness_perf,2.8,2,127963.39972338491,False,157.42597365379333,8137,True
fig10_max_min_fairness_perf_3.0jph_multi_s0,fig10,max_min_fairness_perf,3.0,0,195547.9087250778,True,57600.09139275551,129824,True
fig10_max_min_fairness_perf_3.0jph_multi_s1,fig10,max_min_fairness_perf,3.0,1,141529.69454773355,True,57600.091559648514,131005,True
fig10_max_min_fairness_perf_3.0jph_multi_s2,fig10,max_min_fairness_perf,3.0,2,168352.99719670863,True,57600.17173600197,123179,True
fig11_finish_time_fairness_0.2jph_multi_s0,fig11,finish_time_fairness,0.2,0,88882.5868107187,False,404.0281991958618,5030,True
fig11_finish_time_fairness_0.2jph_multi_s1,fig11,finish_time_fairness,0.2,1,81689.1819729839,False,403.06207036972046,5017,True
fig11_finish_time_fairness_0.2jph_multi_s2,fig11,finish_time_fairness,0.2,2,83919.87921033821,False,408.4041919708252,5012,True
fig11_finish_time_fairness_0.4jph_multi_s0,fig11,finish_time_fairness,0.4,0,88580.07155041216,False,319.44747018814087,5056,True
fig11_finish_time_fairness_0.4jph_multi_s1,fig11,finish_time_fairness,0.4,1,81618.81187079367,False,320.6457738876343,5053,True
fig11_finish_time_fairness_0.4jph_multi_s2,fig11,finish_time_fairness,0.4,2,83692.45626321108,False,318.99670028686523,5027,True
fig11_finish_time_fairness_0.6jph_multi_s0,fig11,finish_time_fairness,0.6,0,88043.13046257172,False,310.08628821372986,5097,True
fig11_finish_time_fairness_0.6jph_multi_s1,fig11,finish_time_fairness,0.6,1,81491.40652554424,False,314.53401947021484,5086,True
fig11_finish_time_fairness_0.6jph_multi_s2,fig11,finish_time_fairness,0.6,2,83096.76773802632,False,310.42707777023315,5040,True
fig11_finish_time_fairness_0.8jph_multi_s0,fig11,finish_time_fairness,0.8,0,87023.57942376746,False,323.4735531806946,5215,True
fig11_finish_time_fairness_0.8jph_multi_s1,fig11,finish_time_fairness,0.8,1,80759.04899668744,False,311.7791152000427,5113,True
fig11_finish_time_fairness_0.8jph_multi_s2,fig11,finish_time_fairness,0.8,2,81843.47157999098,False,313.6306891441345,5055,True
fig11_finish_time_fairness_1.0jph_multi_s0,fig11,finish_time_fairness,1.0,0,85645.27709772637,False,337.7051374912262,5399,True
fig11_finish_time_fairness_1.0jph_multi_s1,fig11,finish_time_fairness,1.0,1,79753.85435978787,False,313.48693585395813,5146,True
fig11_finish_time_fairness_1.0jph_multi_s2,fig11,finish_time_fairness,1.0,2,80140.26023416864,False,312.2891447544098,5081,True
fig11_finish_time_fairness_1.2jph_multi_s0,fig11,finish_time_fairness,1.2,0,83842.89853540406,False,343.08482098579407,5545,True
fig11_finish_time_fairness_1.2jph_multi_s1,fig11,finish_time_fairness,1.2,1,77595.54574449598,False,312.7417507171631,5179,True
fig11_finish_time_fairness_1.2jph_multi_s2,fig11,finish_time_fairness,1.2,2,77966.78845917596,False,314.39379930496216,5105,True
fig11_finish_time_fairness_1.4jph_multi_s0,fig11,finish_time_fairness,1.4,0,82702.20599002985,False,353.9551913738251,5686,True
fig11_finish_time_fairness_1.4jph_multi_s1,fig11,finish_time_fairness,1.4,1,75638.48362828327,False,319.518780708313,5237,True
fig11_finish_time_fairness_1.4jph_multi_s2,fig11,finish_time_fairness,1.4,2,76393.80746379124,False,312.59783363342285,5129,True
fig11_finish_time_fairness_1.6jph_multi_s0,fig11,finish_time_fairness,1.6,0,81642.86984647492,False,355.76195669174194,5836,True
fig11_finish_time_fairness_1.6jph_multi_s1,fig11,finish_time_fairness,1.6,1,74788.13965602632,False,316.97951340675354,5327,True
fig11_finish_time_fairness_1.6jph_multi_s2,fig11,finish_time_fairness,1.6,2,75474.21641225216,False,312.9406416416168,5177,True
fig11_finish_time_fairness_1.8jph_multi_s0,fig11,finish_time_fairness,1.8,0,82348.40921962775,False,365.1775588989258,6026,True
fig11_finish_time_fairness_1.8jph_multi_s1,fig11,finish_time_fairness,1.8,1,73889.91913190027,False,319.77691316604614,5425,True
fig11_finish_time_fairness_1.8jph_multi_s2,fig11,finish_time_fairness,1.8,2,75811.04525206656,False,577.1926350593567,5246,True
fig11_finish_time_fairness_2.0jph_multi_s0,fig11,finish_time_fairness,2.0,0,88177.5150933787,False,724.0863053798676,6533,True
fig11_finish_time_fairness_2.0jph_multi_s1,fig11,finish_time_fairness,2.0,1,73879.11088099501,False,592.1913111209869,5557,True
fig11_finish_time_fairness_2.0jph_multi_s2,fig11,finish_time_fairness,2.0,2,79955.45888665356,False,613.641699552536,5410,True
fig11_finish_time_fairness_2.2jph_multi_s0,fig11,finish_time_fairness,2.2,0,96904.01652461111,False,847.502772808075,7386,True
fig11_finish_time_fairness_2.2jph_multi_s1,fig11,finish_time_fairness,2.2,1,77796.16110402519,False,619.7979271411896,5658,True
fig11_finish_time_fairness_2.2jph_multi_s2,fig11,finish_time_fairness,2.2,2,85491.620013722,False,725.8323712348938,5664,True
fig11_finish_time_fairness_2.4jph_multi_s0,fig11,finish_time_fairness,2.4,0,108909.73095520558,False,609.381726026535,8337,True
fig11_finish_time_fairness_2.4jph_multi_s1,fig11,finish_time_fairness,2.4,1,95628.00303496711,False,485.9861509799957,6771,True
fig11_finish_time_fairness_2.4jph_multi_s2,fig11,finish_time_fairness,2.4,2,96484.14614607292,False,900.7519648075104,6237,True
fig11_finish_time_fairness_2.6jph_multi_s0,fig11,finish_time_fairness,2.6,0,134883.3026389907,False,798.2384464740753,9274,True
fig11_finish_time_fairness_2.6jph_multi_s1,fig11,finish_time_fairness,2.6,1,109935.16824838409,False,1093.3281853199005,7360,True
fig11_finish_time_fairness_2.6jph_multi_s2,fig11,finish_time_fairness,2.6,2,120614.49075047055,False,677.462568283081,7698,True
fig11_finish_time_fairness_2.8jph_multi_s0,fig11,finish_time_fairness,2.8,0,160697.59414489198,False,1094.226111650467,10764,True
fig11_finish_time_fairness_2.8jph_multi_s1,fig11,finish_time_fairness,2.8,1,130768.42847505,False,952.6053144931793,9210,True
fig11_finish_time_fairness_2.8jph_multi_s2,fig11,finish_time_fairness,2.8,2,146951.25466014718,False,968.6447625160217,9383,True
fig11_finish_time_fairness_3.0jph_multi_s0,fig11,finish_time_fairness,3.0,0,203059.61415642896,False,2202.729222536087,15219,True
fig11_finish_time_fairness_3.0jph_multi_s1,fig11,finish_time_fairness,3.0,1,162281.53965614055,False,1838.5758829116821,12512,True
fig11_finish_time_fairness_3.0jph_multi_s2,fig11,finish_time_fairness,3.0,2,184765.32506576471,False,1646.9451327323914,11958,True
fig11_finish_time_fairness_3.2jph_multi_s0,fig11,finish_time_fairness,3.2,0,289278.1157559627,False,52307.06464409828,49217,True
fig11_finish_time_fairness_3.2jph_multi_s1,fig11,finish_time_fairness,3.2,1,217086.74552551625,False,5873.1105353832245,21093,True
fig11_finish_time_fairness_3.2jph_multi_s2,fig11,finish_time_fairness,3.2,2,272435.4287060757,False,7921.512793064117,23943,True
fig11_finish_time_fairness_3.4jph_multi_s0,fig11,finish_time_fairness,3.4,0,313818.22610697604,True,57601.89157319069,44478,True
fig11_finish_time_fairness_3.4jph_multi_s1,fig11,finish_time_fairness,3.4,1,275731.90201253665,True,57601.764290332794,44065,True
fig11_finish_time_fairness_3.4jph_multi_s2,fig11,finish_time_fairness,3.4,2,293186.21730288485,True,57602.086889743805,41351,True
fig11_finish_time_fairness_perf_0.2jph_multi_s0,fig11,finish_time_fairness_perf,0.2,0,65797.32730108425,False,605.3759620189667,5005,True
fig11_finish_time_fairness_perf_0.2jph_multi_s1,fig11,finish_time_fairness_perf,0.2,1,60783.06272782934,False,596.7660961151123,5012,True
fig11_finish_time_fairness_perf_0.2jph_multi_s2,fig11,finish_time_fairness_perf,0.2,2,61970.62330400233,False,616.8793253898621,5008,True
fig11_finish_time_fairness_perf_0.4jph_multi_s0,fig11,finish_time_fairness_perf,0.4,0,65697.09197651947,False,461.8480408191681,5033,True
fig11_finish_time_fairness_perf_0.4jph_multi_s1,fig11,finish_time_fairness_perf,0.4,1,60726.438472189395,False,459.6845238208771,5032,True
fig11_finish_time_fairness_perf_0.4jph_multi_s2,fig11,finish_time_fairness_perf,0.4,2,61646.99947220981,False,462.8729705810547,5024,True
fig11_finish_time_fairness_perf_0.6jph_multi_s0,fig11,finish_time_fairness_perf,0.6,0,65693.63604265974,False,438.88311743736267,5058,True
fig11_finish_time_fairness_perf_0.6jph_multi_s1,fig11,finish_time_fairness_perf,0.6,1,60603.6388556606,False,433.3153877258301,5060,True
fig11_finish_time_fairness_perf_0.6jph_multi_s2,fig11,finish_time_fairness_perf,0.6,2,61688.20297691792,False,436.51925826072693,5029,True
fig11_finish_time_fairness_perf_0.8jph_multi_s0,fig11,finish_time_fairness_perf,0.8,0,65217.09847465597,False,424.37238669395447,5062,True
fig11_finish_time_fairness_perf_0.8jph_multi_s1,fig11,finish_time_fairness_perf,0.8,1,60431.6168297125,False,432.9903492927551,5081,True
fig11_finish_time_fairness_perf_0.8jph_multi_s2,fig11,finish_time_fairness_perf,0.8,2,61144.26915200032,False,439.5847713947296,5042,True
fig11_finish_time_fairness_perf_1.0jph_multi_s0,fig11,finish_time_fairness_perf,1.0,0,64114.840341195806,False,422.63519287109375,5079,True
fig11_finish_time_fairness_perf_1.0jph_multi_s1,fig11,finish_time_fairness_perf,1.0,1,59869.92880706972,False,439.9663100242615,5097,True
fig11_finish_time_fairness_perf_1.0jph_multi_s2,fig11,finish_time_fairness_perf,1.0,2,60465.37739327003,False,425.7473418712616,5057,True
fig11_finish_time_fairness_perf_1.2jph_multi_s0,fig11,finish_time_fairness_perf,1.2,0,63699.51786452778,False,450.13823533058167,5196,True
fig11_finish_time_fairness_perf_1.2jph_multi_s1,fig11,finish_time_fairness_perf,1.2,1,59044.37225997543,False,441.5110399723053,5119,True
fig11_finish_time_fairness_perf_1.2jph_multi_s2,fig11,finish_time_fairness_perf,1.2,2,59968.05911499037,False,451.4431929588318,5077,True
fig11_finish_time_fairness_perf_1.4jph_multi_s0,fig11,finish_time_fairness_perf,1.4,0,64031.620876958485,False,475.30520272254944,5346,True
fig11_finish_time_fairness_perf_1.4jph_multi_s1,fig11,finish_time_fairness_perf,1.4,1,58774.54458726576,False,451.88343238830566,5144,True
fig11_finish_time_fairness_perf_1.4jph_multi_s2,fig11,finish_time_fairness_perf,1.4,2,59878.587711459455,False,456.52995109558105,5104,True
fig11_finish_time_fairness_perf_1.6jph_multi_s0,fig11,finish_time_fairness_perf,1.6,0,65389.346318219665,False,498.3901550769806,5564,True
fig11_finish_time_fairness_perf_1.6jph_multi_s1,fig11,finish_time_fairness_perf,1.6,1,58707.884137545305,False,450.730384349823,5182,True
fig11_finish_time_fairness_perf_1.6jph_multi_s2,fig11,finish_time_fairness_perf,1.6,2,60407.93599708593,False,469.9389600753784,5140,True
fig11_finish_time_fairness_perf_1.8jph_multi_s0,fig11,finish_time_fairness_perf,1.8,0,68292.73537923802,False,548.1861228942871,5763,True
fig11_finish_time_fairness_perf_1.8jph_multi_s1,fig11,finish_time_fairness_perf,1.8,1,59573.66980693984,False,455.0945234298706,5207,True
fig11_finish_time_fairness_perf_1.8jph_multi_s2,fig11,finish_time_fairness_perf,1.8,2,62334.35552357777,False,481.21506237983704,5198,True
fig11_finish_time_fairness_perf_2.0jph_multi_s0,fig11,finish_time_fairness_perf,2.0,0,73303.49972856823,False,320.4470353126526,6015,True
fig11_finish_time_fairness_perf_2.0jph_multi_s1,fig11,finish_time_fairness_perf,2.0,1,62568.545528336974,False,271.3383285999298,5249,True
fig11_finish_time_fairness_perf_2.0jph_multi_s2,fig11,finish_time_fairness_perf,2.0,2,67156.99848761139,False,302.15428137779236,5316,True
fig11_finish_time_fairness_perf_2.2jph_multi_s0,fig11,finish_time_fairness_perf,2.2,0,84168.77827977139,False,434.79026770591736,7148,True
fig11_finish_time_fairness_perf_2.2jph_multi_s1,fig11,finish_time_fairness_perf,2.2,1,70464.89819838463,False,303.64452624320984,5445,True
fig11_finish_time_fairness_perf_2.2jph_multi_s2,fig11,finish_time_fairness_perf,2.2,2,75916.4218348064,False,360.84725189208984,5569,True
fig11_finish_time_fairness_perf_2.4jph_multi_s0,fig11,finish_time_fairness_perf,2.4,0,105614.99047045609,False,580.6628038883209,8175,True
fig11_finish_time_fairness_perf_2.4jph_multi_s1,fig11,finish_time_fairness_perf,2.4,1,92862.33507629459,False,443.425434589386,6539,True
fig11_finish_time_fairness_perf_2.4jph_multi_s2,fig11,finish_time_fairness_perf,2.4,2,92863.5688673433,False,469.62939047813416,6182,True
fig11_finish_time_fairness_perf_2.6jph_multi_s0,fig11,finish_time_fairness_perf,2.6,0,132614.49270562187,False,794.9918353557587,9365,True
fig11_finish_time_fairness_perf_2.6jph_multi_s1,fig11,finish_time_fairness_perf,2.6,1,108371.47369590572,False,590.590518951416,7358,True
fig11_finish_time_fairness_perf_2.6jph_multi_s2,fig11,finish_time_fairness_perf,2.6,2,117879.05118114859,False,660.4290277957916,7635,True
fig11_finish_time_fairness_perf_2.8jph_multi_s0,fig11,finish_time_fairness_perf,2.8,0,157959.71594768993,False,1065.937423467636,10697,True
fig11_finish_time_fairness_perf_2.8jph_multi_s1,fig11,finish_time_fairness_perf,2.8,1,128851.8255868502,False,904.7126660346985,9116,True
fig11_finish_time_fairness_perf_2.8jph_multi_s2,fig11,finish_time_fairness_perf,2.8,2,143868.6165477472,False,917.1950006484985,9220,True
fig11_finish_time_fairness_perf_3.0jph_multi_s0,fig11,finish_time_fairness_perf,3.0,0,199135.8064625867,False,2105.7714874744415,14925,True
fig11_finish_time_fairness_perf_3.0jph_multi_s1,fig11,finish_time_fairness_perf,3.0,1,159128.27235215445,False,1793.643801689148,12399,True
fig11_finish_time_fairness_perf_3.0jph_multi_s2,fig11,finish_time_fairness_perf,3.0,2,181352.74708075155,False,1585.2939920425415,11852,True
fig11_finish_time_fairness_perf_3.2jph_multi_s0,fig11,finish_time_fairness_perf,3.2,0,286795.64220001554,False,27700.85441184044,48300,True
fig11_finish_time_fairness_perf_3.2jph_multi_s1,fig11,finish_time_fairness_perf,3.2,1,213705.5249589561,False,10388.627775669098,20998,True
fig11_finish_time_fairness_perf_3.2jph_multi_s2,fig11,finish_time_fairness_perf,3.2,2,268051.271242956,False,13508.356588125229,23524,True
fig11_finish_time_fairness_perf_3.4jph_multi_s0,fig11,finish_time_fairness_perf,3.4,0,311242.5142424466,True,57603.45713329315,45112,True
fig11_finish_time_fairness_perf_3.4jph_multi_s1,fig11,finish_time_fairness_perf,3.4,1,274081.0586172837,True,57603.35646915436,44352,True
fig11_finish_time_fairness_perf_3.4jph_multi_s2,fig11,finish_time_fairness_perf,3.4,2,289782.69230717246,True,57602.38301277161,41286,True
fig9_max_min_fairness_0.4jph_single_s0,fig9,max_min_fairness,0.4,0,84435.89858934408,False,399.7714991569519,5066,False
fig9_max_min_fairness_0.4jph_single_s1,fig9,max_min_fairness,0.4,1,75620.61584717614,False,395.40194845199585,5025,False
fig9_max_min_fairness_0.4jph_single_s2,fig9,max_min_fairness,0.4,2,86272.92281506992,False,403.26553559303284,5090,False
fig9_max_min_fairness_0.8jph_single_s0,fig9,max_min_fairness,0.8,0,85084.28251159514,False,279.4860372543335,5135,False
fig9_max_min_fairness_0.8jph_single_s1,fig9,max_min_fairness,0.8,1,75915.03485292222,False,244.668461561203,5093,False
fig9_max_min_fairness_0.8jph_single_s2,fig9,max_min_fairness,0.8,2,86451.54089220094,False,241.44083213806152,5179,False
fig9_max_min_fairness_1.2jph_single_s0,fig9,max_min_fairness,1.2,0,85438.82478818907,False,200.30305767059326,5210,False
fig9_max_min_fairness_1.2jph_single_s1,fig9,max_min_fairness,1.2,1,75845.50129991451,False,201.92395949363708,5171,False
fig9_max_min_fairness_1.2jph_single_s2,fig9,max_min_fairness,1.2,2,86966.68893366714,False,204.4852330684662,5271,False
fig9_max_min_fairness_1.6jph_single_s0,fig9,max_min_fairness,1.6,0,85430.4526339082,False,179.7267394065857,5279,False
fig9_max_min_fairness_1.6jph_single_s1,fig9,max_min_fairness,1.6,1,76275.9911814365,False,174.83427548408508,5248,False
fig9_max_min_fairness_1.6jph_single_s2,fig9,max_min_fairness,1.6,2,87034.59046216917,False,176.09950995445251,5368,False
fig9_max_min_fairness_2.0jph_single_s0,fig9,max_min_fairness,2.0,0,85161.26849349684,False,160.62484121322632,5352,False
fig9_max_min_fairness_2.0jph_single_s1,fig9,max_min_fairness,2.0,1,75800.51910263672,False,162.76819038391113,5330,False
fig9_max_min_fairness_2.0jph_single_s2,fig9,max_min_fairness,2.0,2,86709.99150435915,False,163.96111059188843,5451,False
fig9_max_min_fairness_2.4jph_single_s0,fig9,max_min_fairness,2.4,0,85335.4154424738,False,157.2106592655182,5412,False
fig9_max_min_fairness_2.4jph_single_s1,fig9,max_min_fairness,2.4,1,76402.51721068591,False,156.82295179367065,5416,False
fig9_max_min_fairness_2.4jph_single_s2,fig9,max_min_fairness,2.4,2,86772.69626861606,False,157.664400100708,5532,False
fig9_max_min_fairness_2.8jph_single_s0,fig9,max_min_fairness,2.8,0,85809.6060438134,False,149.20998978614807,5491,False
fig9_max_min_fairness_2.8jph_single_s1,fig9,max_min_fairness,2.8,1,75844.72279301118,False,150.57105779647827,5496,False
fig9_max_min_fairness_2.8jph_single_s2,fig9,max_min_fairness,2.8,2,86861.66149991094,False,153.3720736503601,5617,False
fig9_max_min_fairness_3.2jph_single_s0,fig9,max_min_fairness,3.2,0,85682.59128837068,False,141.572336435318,5573,False
fig9_max_min_fairness_3.2jph_single_s1,fig9,max_min_fairness,3.2,1,76139.29435603434,False,144.6967740058899,5581,False
fig9_max_min_fairness_3.2jph_single_s2,fig9,max_min_fairness,3.2,2,86678.56854564842,False,144.69346117973328,5689,False
fig9_max_min_fairness_3.6jph_single_s0,fig9,max_min_fairness,3.6,0,85589.08351641377,False,139.00203394889832,5676,False
fig9_max_min_fairness_3.6jph_single_s1,fig9,max_min_fairness,3.6,1,76258.21199295258,False,142.0786635875702,5671,False
fig9_max_min_fairness_3.6jph_single_s2,fig9,max_min_fairness,3.6,2,86992.18536118885,False,142.29166293144226,5792,False
fig9_max_min_fairness_4.0jph_single_s0,fig9,max_min_fairness,4.0,0,85458.32362226772,False,137.07101893424988,5789,False
fig9_max_min_fairness_4.0jph_single_s1,fig9,max_min_fairness,4.0,1,76076.59194663416,False,140.5253894329071,5747,False
fig9_max_min_fairness_4.0jph_single_s2,fig9,max_min_fairness,4.0,2,87160.85620879856,False,140.99664068222046,5877,False
fig9_max_min_fairness_4.4jph_single_s0,fig9,max_min_fairness,4.4,0,86308.94746564036,False,137.7211947441101,5891,False
fig9_max_min_fairness_4.4jph_single_s1,fig9,max_min_fairness,4.4,1,76749.36598878639,False,140.33163189888,5845,False
fig9_max_min_fairness_4.4jph_single_s2,fig9,max_min_fairness,4.4,2,88280.67717874704,False,137.2804934978485,5979,False
fig9_max_min_fairness_4.8jph_single_s0,fig9,max_min_fairness,4.8,0,138330.43583172027,False,174.87122988700867,7036,False
fig9_max_min_fairness_4.8jph_single_s1,fig9,max_min_fairness,4.8,1,153333.19466179452,False,186.57244443893433,6831,False
fig9_max_min_fairness_4.8jph_single_s2,fig9,max_min_fairness,4.8,2,95651.39166291383,False,145.75537276268005,6208,False
fig9_max_min_fairness_5.2jph_single_s0,fig9,max_min_fairness,5.2,0,239351.3188236627,False,307.91710591316223,8818,False
fig9_max_min_fairness_5.2jph_single_s1,fig9,max_min_fairness,5.2,1,246596.4728367291,False,381.37267422676086,9366,False
fig9_max_min_fairness_5.2jph_single_s2,fig9,max_min_fairness,5.2,2,173318.51359124185,False,319.5706100463867,8075,False
fig9_max_min_fairness_5.6jph_single_s0,fig9,max_min_fairness,5.6,0,354637.10356819356,False,549.0061411857605,11637,False
fig9_max_min_fairness_5.6jph_single_s1,fig9,max_min_fairness,5.6,1,348211.39637192077,False,816.0489749908447,13248,False
fig9_max_min_fairness_5.6jph_single_s2,fig9,max_min_fairness,5.6,2,296002.32650758384,False,432.74290466308594,10611,False
fig9_max_min_fairness_6.0jph_single_s0,fig9,max_min_fairness,6.0,0,489044.4648472798,False,1389.9761304855347,17636,False
fig9_max_min_fairness_6.0jph_single_s1,fig9,max_min_fairness,6.0,1,465604.5354775076,False,1721.027194738388,18827,False
fig9_max_min_fairness_6.0jph_single_s2,fig9,max_min_fairness,6.0,2,438126.3826737264,False,1024.9531219005585,15769,False
fig9_max_min_fairness_6.4jph_single_s0,fig9,max_min_fairness,6.4,0,650337.826305263,False,3793.0340642929077,27277,False
fig9_max_min_fairness_6.4jph_single_s1,fig9,max_min_fairness,6.4,1,605692.4794992183,False,3706.0991406440735,26712,False
fig9_max_min_fairness_6.4jph_single_s2,fig9,max_min_fairness,6.4,2,605069.0339981854,False,3216.9559071063995,24035,False
fig9_max_min_fairness_6.8jph_single_s0,fig9,max_min_fairness,6.8,0,856039.2950828791,False,13065.349511861801,42417,False
fig9_max_min_fairness_6.8jph_single_s1,fig9,max_min_fairness,6.8,1,777472.0895634785,False,11261.513221502304,39078,False
fig9_max_min_fairness_6.8jph_single_s2,fig9,max_min_fairness,6.8,2,810397.5686767228,False,9620.471153974533,37104,False
fig9_max_min_fairness_7.2jph_single_s0,fig9,max_min_fairness,7.2,0,1122048.20423705,False,40503.00196361542,66910,False
fig9_max_min_fairness_7.2jph_single_s1,fig9,max_min_fairness,7.2,1,989847.5944411516,False,27108.405642986298,57880,False
fig9_max_min_fairness_7.2jph_single_s2,fig9,max_min_fairness,7.2,2,1079256.5503053777,False,31580.88989019394,59776,False
fig9_max_min_fairness_7.6jph_single_s0,fig9,max_min_fairness,7.6,0,1323647.5355686026,True,57600.96505355835,72756,False
fig9_max_min_fairness_7.6jph_single_s1,fig9,max_min_fairness,7.6,1,1165267.069984439,True,57600.80994749069,77198,False
fig9_max_min_fairness_7.6jph_single_s2,fig9,max_min_fairness,7.6,2,1260697.1773112174,True,57600.200269937515,74934,False
fig9_max_min_fairness_8.0jph_single_s0,fig9,max_min_fairness,8.0,0,1422771.5224401727,True,57600.292946100235,73224,False
fig9_max_min_fairness_8.0jph_single_s1,fig9,max_min_fairness,8.0,1,1272329.3624851033,True,57600.54571866989,74441,False
fig9_max_min_fairness_8.0jph_single_s2,fig9,max_min_fairness,8.0,2,1183017.8235617785,True,57600.40593147278,73843,False
fig9_max_min_fairness_perf_0.4jph_single_s0,fig9,max_min_fairness_perf,0.4,0,64698.094405904434,False,188.14340567588806,5032,False
fig9_max_min_fairness_perf_0.4jph_single_s1,fig9,max_min_fairness_perf,0.4,1,60243.3086712723,False,183.04154658317566,5006,False
fig9_max_min_fairness_perf_0.4jph_single_s2,fig9,max_min_fairness_perf,0.4,2,66809.63776168996,False,188.11063933372498,5051,False
fig9_max_min_fairness_perf_0.8jph_single_s0,fig9,max_min_fairness_perf,0.8,0,64700.0991467625,False,120.1239447593689,5083,False
fig9_max_min_fairness_perf_0.8jph_single_s1,fig9,max_min_fairness_perf,0.8,1,60256.94941274856,False,120.22565698623657,5049,False
fig9_max_min_fairness_perf_0.8jph_single_s2,fig9,max_min_fairness_perf,0.8,2,67023.8759594212,False,123.43723368644714,5098,False
fig9_max_min_fairness_perf_1.2jph_single_s0,fig9,max_min_fairness_perf,1.2,0,64637.64414191182,False,97.55138444900513,5113,False
fig9_max_min_fairness_perf_1.2jph_single_s1,fig9,max_min_fairness_perf,1.2,1,60108.53231419,False,97.97835612297058,5099,False
fig9_max_min_fairness_perf_1.2jph_single_s2,fig9,max_min_fairness_perf,1.2,2,66952.69013578782,False,104.12476181983948,5147,False
fig9_max_min_fairness_perf_1.6jph_single_s0,fig9,max_min_fairness_perf,1.6,0,63940.80461608552,False,85.87456774711609,5160,False
fig9_max_min_fairness_perf_1.6jph_single_s1,fig9,max_min_fairness_perf,1.6,1,59882.387508445216,False,85.87232160568237,5155,False
fig9_max_min_fairness_perf_1.6jph_single_s2,fig9,max_min_fairness_perf,1.6,2,66329.45710179693,False,86.44774556159973,5221,False
fig9_max_min_fairness_perf_2.0jph_single_s0,fig9,max_min_fairness_perf,2.0,0,61655.73135487869,False,76.65033721923828,5202,False
fig9_max_min_fairness_perf_2.0jph_single_s1,fig9,max_min_fairness_perf,2.0,1,58736.649340817254,False,77.454097032547,5213,False
fig9_max_min_fairness_perf_2.0jph_single_s2,fig9,max_min_fairness_perf,2.0,2,64204.85121507968,False,78.08710384368896,5261,False
fig9_max_min_fairness_perf_2.4jph_single_s0,fig9,max_min_fairness_perf,2.4,0,59628.60706054078,False,70.63540244102478,5250,False
fig9_max_min_fairness_perf_2.4jph_single_s1,fig9,max_min_fairness_perf,2.4,1,56165.72953188728,False,71.7287323474884,5260,False
fig9_max_min_fairness_perf_2.4jph_single_s2,fig9,max_min_fairness_perf,2.4,2,61594.83218549102,False,72.05227589607239,5331,False
fig9_max_min_fairness_perf_2.8jph_single_s0,fig9,max_min_fairness_perf,2.8,0,58679.492277859295,False,66.06394958496094,5303,False
fig9_max_min_fairness_perf_2.8jph_single_s1,fig9,max_min_fairness_perf,2.8,1,53977.853430337134,False,67.5504503250122,5319,False
fig9_max_min_fairness_perf_2.8jph_single_s2,fig9,max_min_fairness_perf,2.8,2,60026.204433738785,False,68.61348080635071,5397,False
fig9_max_min_fairness_perf_3.2jph_single_s0,fig9,max_min_fairness_perf,3.2,0,58781.30469100081,False,63.11212873458862,5372,False
fig9_max_min_fairness_perf_3.2jph_single_s1,fig9,max_min_fairness_perf,3.2,1,53066.79690526794,False,64.63779020309448,5381,False
fig9_max_min_fairness_perf_3.2jph_single_s2,fig9,max_min_fairness_perf,3.2,2,59858.91137098597,False,66.75091433525085,5476,False
fig9_max_min_fairness_perf_3.6jph_single_s0,fig9,max_min_fairness_perf,3.6,0,59750.60789062281,False,62.038840532302856,5441,False
fig9_max_min_fairness_perf_3.6jph_single_s1,fig9,max_min_fairness_perf,3.6,1,53095.01776994118,False,63.23318886756897,5433,False
fig9_max_min_fairness_perf_3.6jph_single_s2,fig9,max_min_fairness_perf,3.6,2,60563.77463068877,False,63.413283586502075,5557,False
fig9_max_min_fairness_perf_4.0jph_single_s0,fig9,max_min_fairness_perf,4.0,0,61292.628339304036,False,61.60337042808533,5534,False
fig9_max_min_fairness_perf_4.0jph_single_s1,fig9,max_min_fairness_perf,4.0,1,53614.76474905174,False,62.330689430236816,5483,False
fig9_max_min_fairness_perf_4.0jph_single_s2,fig9,max_min_fairness_perf,4.0,2,62000.539871323526,False,62.960663080215454,5653,False
fig9_max_min_fairness_perf_4.4jph_single_s0,fig9,max_min_fairness_perf,4.4,0,63890.77686933595,False,62.021820306777954,5626,False
fig9_max_min_fairness_perf_4.4jph_single_s1,fig9,max_min_fairness_perf,4.4,1,54799.957359599975,False,62.69713473320007,5541,False
fig9_max_min_fairness_perf_4.4jph_single_s2,fig9,max_min_fairness_perf,4.4,2,64584.1875678577,False,63.55286955833435,5749,False
fig9_max_min_fairness_perf_4.8jph_single_s0,fig9,max_min_fairness_perf,4.8,0,68991.79274174837,False,64.50070214271545,5738,False
fig9_max_min_fairness_perf_4.8jph_single_s1,fig9,max_min_fairness_perf,4.8,1,58132.46015834113,False,65.30597281455994,5656,False
fig9_max_min_fairness_perf_4.8jph_single_s2,fig9,max_min_fairness_perf,4.8,2,67865.354493579,False,65.47400379180908,5896,False
fig9_max_min_fairness_perf_5.2jph_single_s0,fig9,max_min_fairness_perf,5.2,0,80169.62547914588,False,68.89481210708618,5961,False
fig9_max_min_fairness_perf_5.2jph_single_s1,fig9,max_min_fairness_perf,5.2,1,69310.64520082822,False,69.13002228736877,5812,False
fig9_max_min_fairness_perf_5.2jph_single_s2,fig9,max_min_fairness_perf,5.2,2,73252.82372783017,False,68.57694005966187,6028,False
fig9_max_min_fairness_perf_5.6jph_single_s0,fig9,max_min_fairness_perf,5.6,0,105434.93143119894,False,77.89594292640686,6531,False
fig9_max_min_fairness_perf_5.6jph_single_s1,fig9,max_min_fairness_perf,5.6,1,98328.10582299504,False,79.52365374565125,6263,False
fig9_max_min_fairness_perf_5.6jph_single_s2,fig9,max_min_fairness_perf,5.6,2,81642.39705871831,False,72.91240978240967,6241,False
fig9_max_min_fairness_perf_6.0jph_single_s0,fig9,max_min_fairness_perf,6.0,0,151840.40104307813,False,181.6326766014099,7563,False
fig9_max_min_fairness_perf_6.0jph_single_s1,fig9,max_min_fairness_perf,6.0,1,150247.37405183885,False,194.86065220832825,7607,False
fig9_max_min_fairness_perf_6.0jph_single_s2,fig9,max_min_fairness_perf,6.0,2,102508.72828162191,False,81.53627490997314,6670,False
fig9_max_min_fairness_perf_6.4jph_single_s0,fig9,max_min_fairness_perf,6.4,0,218443.04039199214,False,314.84537506103516,10340,False
fig9_max_min_fairness_perf_6.4jph_single_s1,fig9,max_min_fairness_perf,6.4,1,210626.8865569736,False,335.3198502063751,9890,False
fig9_max_min_fairness_perf_6.4jph_single_s2,fig9,max_min_fairness_perf,6.4,2,154743.89469852654,False,187.13194394111633,7741,False
fig9_max_min_fairness_perf_6.8jph_single_s0,fig9,max_min_fairness_perf,6.8,0,287194.6842314568,False,450.0075364112854,11855,False
fig9_max_min_fairness_perf_6.8jph_single_s1,fig9,max_min_fairness_perf,6.8,1,278879.54958287795,True,57600.30456852913,102311,False
fig9_max_min_fairness_perf_6.8jph_single_s2,fig9,max_min_fairness_perf,6.8,2,239605.00706248014,False,339.53221321105957,10765,False
fig9_max_min_fairness_perf_7.2jph_single_s0,fig9,max_min_fairness_perf,7.2,0,360797.1210969874,True,57600.18817973137,78943,False
fig9_max_min_fairness_perf_7.2jph_single_s1,fig9,max_min_fairness_perf,7.2,1,432234.2563850296,True,57600.086440086365,82185,False
fig9_max_min_fairness_perf_7.2jph_single_s2,fig9,max_min_fairness_perf,7.2,2,348681.5194970576,True,57600.366014003754,76885,False
fig9_max_min_fairness_perf_7.6jph_single_s0,fig9,max_min_fairness_perf,7.6,0,414515.4590047583,True,57600.397607803345,66044,False
fig9_max_min_fairness_perf_7.6jph_single_s1,fig9,max_min_fairness_perf,7.6,1,382245.0198322028,True,57601.8975276947,69036,False
fig9_max_min_fairness_perf_7.6jph_single_s2,fig9,max_min_fairness_perf,7.6,2,453361.9399073173,True,57600.22218680382,65435,False
fig9_max_min_fairness_perf_8.0jph_single_s0,fig9,max_min_fairness_perf,8.0,0,512315.3843515913,True,57602.93912386894,59423,False
fig9_max_min_fairness_perf_8.0jph_single_s1,fig9,max_min_fairness_perf,8.0,1,439944.9673835684,True,57600.16750025749,59700,False
fig9_max_min_fairness_perf_8.0jph_single_s2,fig9,max_min_fairness_perf,8.0,2,517295.43787984207,True,57601.63613510132,58909,False
